id,dataset,split,question,prediction,answers,agent,raw_prediction,correct
WebQTest-1198,webqsp,test,who influenced samuel taylor coleridge?,"Samuel Taylor Coleridge was influenced by figures such as William Wordsworth, Kant, and Rousseau, among others.","['Giambattista Vico', 'Baruch Spinoza', 'Thomas Browne', 'Friedrich Wilhelm Joseph Schelling', 'Emanuel Swedenborg', 'Immanuel Kant', 'John Milton', 'William Shakespeare', 'Robert Burns', 'Algernon Charles Swinburne']",Tiered-Forest,"Samuel Taylor Coleridge was influenced by figures such as William Wordsworth, Kant, and Rousseau, among others.",False
WebQTest-1092,webqsp,test,who did viggo mortensen play in lord of the rings?,"Viggo Mortensen played the role of Aragorn in ""The Lord of the Rings"" trilogy.",['Aragorn'],Tiered-Forest,"Viggo Mortensen played the role of Aragorn in ""The Lord of the Rings"" trilogy.",True
WebQTest-713,webqsp,test,what county is st. louis park in?,"St. Louis Park is in Hennepin County, Minnesota.",['Hennepin County'],Tiered-Forest,"St. Louis Park is in Hennepin County, Minnesota.",True
WebQTest-1637,webqsp,test,what are the catholic holy days?,"Catholic holy days include Sundays, the Feasts of the Lord (such as Christmas and Easter), and the Feasts of the Blessed Virgin Mary and the Saints, as well as certain memorials.","['Feast of St. Margaret of the Árpád House', 'Feast of Our Lady of Hungary', 'Feast of Our Lady of the Rosary', ""Our Lady of Aparecida's day"", 'Father Damien Day', 'Our Lady of Guadalupe Day', 'St. Spiridon Day', ""Saint Nicholas' Eve"", 'Feast of Assumption', ""Euthymius the Great's Feast Day"", 'The Feast of Our Lady of Mount Carmel', ""St. Anthony's Day"", 'Feast of Our Lady of Sorrows', ""St Joseph's Day"", ""Saint Patrick's Day"", 'Maundy Thursday', ""St. Stephen's Day"", 'Corpus Christi', 'Nativity of Mary', 'Olsok', 'Feast of the Immaculate Conception', 'Feast of the Cross', 'Feast of Christ the King', 'Name day', 'Fat Thursday', 'World Day of Peace', 'Palm Sunday', 'Saints Cyril and Methodius Day', 'Solemnity of Mary, Mother of God', 'Feast of Saints Peter and Paul', ""St Crispin's Day"", ""St Casimir's Day"", ""All Saints' Day"", 'Feast of St Francis of Assisi', 'St Nicholas Day']",Tiered-Forest,"Catholic holy days include Sundays, the Feasts of the Lord (such as Christmas and Easter), and the Feasts of the Blessed Virgin Mary and the Saints, as well as certain memorials.",False
WebQTest-1241,webqsp,test,where does the columbia river start?,"The Columbia River starts at the confluence of the Columbia and Lewis Rivers near Moses Lake, Washington.",['Columbia Lake'],Tiered-Forest,"The Columbia River starts at the confluence of the Columbia and Lewis Rivers near Moses Lake, Washington.",False
WebQTest-377,webqsp,test,what school did michael jordan attend?,Michael Jordan attended the University of North Carolina at Chapel Hill.,"['Emsley A. Laney High School', 'University of North Carolina at Chapel Hill']",Tiered-Forest,Michael Jordan attended the University of North Carolina at Chapel Hill.,True
WebQTest-1488,webqsp,test,what type of art does marc chagall do?,"Marc Chagall is known for his distinctive style of expressive figurative paintings, prints, and stained glass, often incorporating Jewish folk life and biblical themes with vibrant colors and dreamlike imagery.","['Modern art', 'Fauvism', 'Surrealism', 'Cubism', 'Expressionism']",Tiered-Forest,"Marc Chagall is known for his distinctive style of expressive figurative paintings, prints, and stained glass, often incorporating Jewish folk life and biblical themes with vibrant colors and dreamlike imagery.",False
WebQTest-383,webqsp,test,what language do chinese people write in?,"Chinese people write in Chinese characters, which can be in various forms of the Chinese script including Traditional and Simplified Chinese.","['Nüshu script', 'Simplified Chinese character', 'Traditional Chinese characters', ""'Phags-pa script"", 'Chinese characters']",Tiered-Forest,"Chinese people write in Chinese characters, which can be in various forms of the Chinese script including Traditional and Simplified Chinese.",True
WebQTest-1619,webqsp,test,where do the appalachian mountains run?,The Appalachian mountains run from central Canada through the eastern United States.,['North America'],Tiered-Forest,The Appalachian mountains run from central Canada through the eastern United States.,False
WebQTest-1508,webqsp,test,when did bill clinton go to college?,"Bill Clinton went to college in 1963, starting at Georgetown University and later attending the University of Arkansas.","['Yale Law School', 'Edmund A. Walsh School of Foreign Service', 'University of Oxford', 'University Yale', 'Georgetown University', 'University College, Oxford']",Tiered-Forest,"Bill Clinton went to college in 1963, starting at Georgetown University and later attending the University of Arkansas.",True
WebQTest-266,webqsp,test,what is there to do for fun in kansas city?,"Kansas City offers a variety of fun activities including visiting the fountains and Power Museum, exploring the National World War I Museum, enjoying the Kansas City Zoo, and attending a game at Arrowhead Stadium.","['Kansas City Zoo', 'Kauffman Center for the Performing Arts', '18th and Vine-Downtown East', 'Kemper Museum of Contemporary Art', 'Liberty Memorial', 'Harry S. Truman Presidential Library and Museum', 'Crown Center', 'Worlds of Fun', 'Sprint Center', 'Negro Leagues Baseball Museum', 'Boulevard Brewing Company', 'Oceans of Fun', 'Hotel Phillips', 'Deer Creek Golf Course', 'Ewing and Muriel Kauffman Memorial Garden']",Tiered-Forest,"Kansas City offers a variety of fun activities including visiting the fountains and Power Museum, exploring the National World War I Museum, enjoying the Kansas City Zoo, and attending a game at Arrowhead Stadium.",True
WebQTest-191,webqsp,test,where did drew brees go to college wikianswers?,"Drew Brees went to college at **Purdue University**, not the University of Southern California.","['Stanford Graduate School of Business', 'Purdue University']",Tiered-Forest,"Drew Brees went to college at **Purdue University**, not the University of Southern California.",True
WebQTest-554,webqsp,test,what money do they use in spain?,"In Spain, the official currency is the Euro (€), with the currency code EUR.",['Euro'],Tiered-Forest,"In Spain, the official currency is the Euro (€), with the currency code EUR.",True
WebQTest-637,webqsp,test,what type of government did soviet union have?,The Soviet Union had a communist government with a socialist economic system.,"['Communist state', 'Socialist state', 'Soviet democracy', 'Parliamentary republic']",Tiered-Forest,The Soviet Union had a communist government with a socialist economic system.,False
WebQTest-875,webqsp,test,where did hugo chavez go to school?,"Hugo Chávez attended the Military Academy of Venezuela (Academia Militar de Venezuela) in Caracas, graduating in 1975. He also later studied for a master's degree in political science at Simón Bolívar University, though he did not complete it.","['Julian Pino School', ""Daniel Florencio O'Leary School"", 'Simón Bolívar University', 'Bolivarian Military University of Venezuela']",Tiered-Forest,"Hugo Chávez attended the Military Academy of Venezuela (Academia Militar de Venezuela) in Caracas, graduating in 1975. He also later studied for a master's degree in political science at Simón Bolívar University, though he did not complete it.",True
WebQTest-438,webqsp,test,what university did romney graduated from?,Mitt Romney graduated from Brigham Young University and Harvard Business School.,['Brigham Young University'],Tiered-Forest,Mitt Romney graduated from Brigham Young University and Harvard Business School.,True
WebQTest-234,webqsp,test,what countries does the panama canal go through?,"The Panama Canal is located entirely within Panama. It does not pass through any other countries.

**Answer:** Panama.",['Panama'],Tiered-Forest,"The Panama Canal is located entirely within Panama. It does not pass through any other countries.

**Answer:** Panama.",True
WebQTest-461,webqsp,test,where did clay matthews go to school?,Clay Matthews went to the University of Oregon for his college education.,"['University of Southern California', 'Agoura High School']",Tiered-Forest,Clay Matthews went to the University of Oregon for his college education.,False
WebQTest-1441,webqsp,test,where all did picasso live?,"Pablo Picasso lived in several cities including Malaga, Barcelona, Paris, and Cannes, among others.","['Málaga', 'Madrid', 'France']",Tiered-Forest,"Pablo Picasso lived in several cities including Malaga, Barcelona, Paris, and Cannes, among others.",False
WebQTest-1622,webqsp,test,what ocean is around hawaii?,The Pacific Ocean surrounds Hawaii.,['Pacific Ocean'],Tiered-Forest,The Pacific Ocean surrounds Hawaii.,True
WebQTest-1757,webqsp,test,what did michael crabtree do?,"Michael Crabtree was an American football wide receiver who played for several NFL teams, including the San Francisco 49ers and the Kansas City Chiefs.","['Wide receiver', 'Athlete', 'American football player']",Tiered-Forest,"Michael Crabtree was an American football wide receiver who played for several NFL teams, including the San Francisco 49ers and the Kansas City Chiefs.",True
WebQTest-1328,webqsp,test,what did hayes do?,"Hayes resolved the contentious 1876 presidential election by agreeing to the Compromise of 1877, which ended Reconstruction in the South in exchange for his inauguration as the 19th President.",['US President'],Tiered-Forest,"Hayes resolved the contentious 1876 presidential election by agreeing to the Compromise of 1877, which ended Reconstruction in the South in exchange for his inauguration as the 19th President.",False
WebQTest-296,webqsp,test,what kind of government does libya have today?,"Libya does not have a single, unified national government. Since 2014, it has been divided between two rival administrations:

1.  The internationally recognized **Government of National Unity (GNU)**, based in Tripoli, led by Prime Minister Abdul Hamid Dbeibah.
2.  The rival **Government of National Stability (GNS)**, based in the east and backed by the House of Representatives and Khalifa Haftar's Libyan National Army.

A **Presidential Council** is intended to act as a head of state, but its authority is contested. In practice, real power is fragmented among these competing governments, numerous militias, and local authorities.

**Concise answer:** Libya is currently divided between two rival, weak administrations in a state of protracted political conflict, with no single, effective central government controlling the entire country.","['Provisional government', 'Parliamentary republic']",Tiered-Forest,"Libya does not have a single, unified national government. Since 2014, it has been divided between two rival administrations:

1.  The internationally recognized **Government of National Unity (GNU)**, based in Tripoli, led by Prime Minister Abdul Hamid Dbeibah.
2.  The rival **Government of National Stability (GNS)**, based in the east and backed by the House of Representatives and Khalifa Haftar's Libyan National Army.

A **Presidential Council** is intended to act as a head of state, but its authority is contested. In practice, real power is fragmented among these competing governments, numerous militias, and local authorities.

**Concise answer:** Libya is currently divided between two rival, weak administrations in a state of protracted political conflict, with no single, effective central government controlling the entire country.",False
WebQTest-527,webqsp,test,what country borders slovakia?,"Slovakia borders Poland, Ukraine, Hungary, Austria, and the Czech Republic.","['Czech Republic', 'Hungary', 'Poland', 'Ukraine', 'Austria']",Tiered-Forest,"Slovakia borders Poland, Ukraine, Hungary, Austria, and the Czech Republic.",True
WebQTest-2001,webqsp,test,who won the 2000 fa cup final?,Manchester United won the 2000 FA Cup final by defeating Liverpool 2-1.,['Chelsea F.C.'],Tiered-Forest,Manchester United won the 2000 FA Cup final by defeating Liverpool 2-1.,False
WebQTest-1997,webqsp,test,who does owen schmitt play for?,Owen Schmitt plays for the Seattle Seahawks.,['Seattle Seahawks'],Tiered-Forest,Owen Schmitt plays for the Seattle Seahawks.,True
WebQTest-1848,webqsp,test,what instrument does louis armstrong?,Louis Armstrong played the trumpet.,"['Cornet', 'Trumpet']",Tiered-Forest,Louis Armstrong played the trumpet.,True
WebQTest-482,webqsp,test,who plays blaine in batman?,"Blaine, also known as the Riddler, is played by Cesar Romero in the Batman television series from the 1960s.","['Matthew Wagner', 'Danny Trejo', 'Carlos Alazraqui', 'Tom Hardy']",Tiered-Forest,"Blaine, also known as the Riddler, is played by Cesar Romero in the Batman television series from the 1960s.",False
WebQTest-1780,webqsp,test,who does michael oher play for in 2010?,"In 2010, Michael Oher played for the Tennessee Titans.",['Baltimore Ravens'],Tiered-Forest,"In 2010, Michael Oher played for the Tennessee Titans.",False
WebQTest-504,webqsp,test,who was philip in acts chapter 8?,Philip in Acts chapter 8 was an early Christian evangelist who baptized the Ethiopian eunuch.,['Apostle Philip'],Tiered-Forest,Philip in Acts chapter 8 was an early Christian evangelist who baptized the Ethiopian eunuch.,False
WebQTest-410,webqsp,test,what are the major cities in ukraine?,"The major cities in Ukraine include Kyiv (the capital), Kharkiv, Donetsk, Odesa, and Dnipropetrovsk.",['Kiev'],Tiered-Forest,"The major cities in Ukraine include Kyiv (the capital), Kharkiv, Donetsk, Odesa, and Dnipropetrovsk.",False
WebQTest-2005,webqsp,test,who plays bob kelso in scrubs?,Bob Kelso is played by John C. McGinley in the TV show Scrubs.,['Ken Jenkins'],Tiered-Forest,Bob Kelso is played by John C. McGinley in the TV show Scrubs.,False
WebQTest-1894,webqsp,test,what baseball team was jackie robinson on?,Jackie Robinson played for the Brooklyn Dodgers.,"['Kansas City Monarchs', 'Montreal Royals', 'Brooklyn Dodgers']",Tiered-Forest,Jackie Robinson played for the Brooklyn Dodgers.,True
WebQTest-1303,webqsp,test,what other movies is josh hutcherson in?,"Josh Hutcherson has appeared in movies such as The Hunger Games series, Winter's Bone, and Mr. Magorium's Wonder Emporium.","['In Dubious Battle', 'The Long Home', 'Bridge to Terabithia', ""Cirque du Freak: The Vampire's Assistant"", 'Firehouse Dog', 'Winged Creatures', 'Party Wagon', 'Journey to the Center of the Earth', 'One Last Ride', 'Wilder Days', 'Miracle Dogs', 'Kicking & Screaming', 'Red Dawn', 'Motocross Kids', 'Zathura', 'The Kids Are All Right', 'The Forger', 'The Polar Express', 'RV', 'Little Manhattan', 'Journey 2: The Mysterious Island', 'American Splendor', 'Detention', 'House Blend', 'The Hunger Games', '7 Days in Havana', 'The Third Rule', 'Epic', 'The Hunger Games: Catching Fire', 'The Hunger Games: Mockingjay, Part 1', 'The Hunger Games: Mockingjay, Part 2', 'Escobar: Paradise Lost']",Tiered-Forest,"Josh Hutcherson has appeared in movies such as The Hunger Games series, Winter's Bone, and Mr. Magorium's Wonder Emporium.",True
WebQTest-1017,webqsp,test,who plays charlie in the santa clause movies?,Charlie in the Santa Claus movies is played by Michael J. Fox.,['Eric Lloyd'],Tiered-Forest,Charlie in the Santa Claus movies is played by Michael J. Fox.,False
WebQTest-1526,webqsp,test,how many languages do they speak in switzerland?,"Switzerland speaks four official languages: German, French, Italian, and Romansh.","['Italian Language', 'German Language', 'French', 'Romansh language']",Tiered-Forest,"Switzerland speaks four official languages: German, French, Italian, and Romansh.",True
WebQTest-634,webqsp,test,what county is san antonio in?,"San Antonio is in Bexar County, Texas.","['Comal County', 'Medina County', 'Bexar County']",Tiered-Forest,"San Antonio is in Bexar County, Texas.",True
WebQTest-698,webqsp,test,who is robin roberts father?,Robin Roberts' father is Paul Roberts.,['Lawrence E. Roberts'],Tiered-Forest,Robin Roberts' father is Paul Roberts.,False
WebQTest-1708,webqsp,test,what are dallas cowboys colors?,The Dallas Cowboys colors are silver and navy blue.,"['Blue', 'Navy Blue', 'Silver', 'Royal blue', 'White']",Tiered-Forest,The Dallas Cowboys colors are silver and navy blue.,True
WebQTest-1990,webqsp,test,who plays timon's voice in the lion king?,The voice of Timon in The Lion King is played by Billy Eichner.,['Nathan Lane'],Tiered-Forest,The voice of Timon in The Lion King is played by Billy Eichner.,False
WebQTest-163,webqsp,test,what year did the seahawks win the superbowl?,"The candidate answer is incorrect. The Seattle Seahawks did not win Super Bowl XLIX (49) in 2015; they lost to the New England Patriots. The Seahawks' Super Bowl victory was in the 2013 season, which culminated in their win at Super Bowl XLVIII in February 2014.

**Concise answer:** The Seahawks won the Super Bowl in the 2013 season, with the championship game played in February 2014.",['Super Bowl XLVIII'],Tiered-Forest,"The candidate answer is incorrect. The Seattle Seahawks did not win Super Bowl XLIX (49) in 2015; they lost to the New England Patriots. The Seahawks' Super Bowl victory was in the 2013 season, which culminated in their win at Super Bowl XLVIII in February 2014.

**Concise answer:** The Seahawks won the Super Bowl in the 2013 season, with the championship game played in February 2014.",True
WebQTest-1566,webqsp,test,what kind of guitar john mayer?,"John Mayer is known to use various guitars, but he is often associated with Fender Telecasters and Strats, as well as Martin acoustic guitars.",['Fender Stratocaster'],Tiered-Forest,"John Mayer is known to use various guitars, but he is often associated with Fender Telecasters and Strats, as well as Martin acoustic guitars.",False
WebQTest-1614,webqsp,test,what religion was king louis xiv?,King Louis XIV was a Roman Catholic.,['Catholicism'],Tiered-Forest,King Louis XIV was a Roman Catholic.,False
WebQTest-1533,webqsp,test,what planet did luke skywalker came from?,Luke Skywalker came from Tatooine.,['Polis Massa'],Tiered-Forest,Luke Skywalker came from Tatooine.,False
WebQTest-1470,webqsp,test,what kind of government does poland have?,Poland has a parliamentary representative democratic republic form of government.,"['Democracy', 'Parliamentary republic']",Tiered-Forest,Poland has a parliamentary representative democratic republic form of government.,False
WebQTest-1557,webqsp,test,where do florida panthers play?,"The Florida Panthers play at the BBVA Compass Stadium in Miami Gardens, Florida.","['BB&T Center', 'Miami Arena']",Tiered-Forest,"The Florida Panthers play at the BBVA Compass Stadium in Miami Gardens, Florida.",False
WebQTest-1917,webqsp,test,what did charles babbage discover?,"Charles Babbage did not make a scientific ""discovery"" in the traditional sense. Instead, he **invented and designed** the first mechanical computers.

His key contributions were:
1. **The Difference Engine** – an automatic mechanical calculator designed to compute polynomial functions.
2. **The Analytical Engine** – a more advanced general-purpose mechanical computer, which incorporated concepts like an arithmetic logic unit, control flow, and memory, making it the precursor to the modern programmable computer.

**Concise answer:** Charles Babbage designed and conceptualized the first mechanical computers, notably the Difference Engine and the Analytical Engine, laying the foundational ideas for programmable computing.","['Difference engine', 'Analytical Engine']",Tiered-Forest,"Charles Babbage did not make a scientific ""discovery"" in the traditional sense. Instead, he **invented and designed** the first mechanical computers.

His key contributions were:
1. **The Difference Engine** – an automatic mechanical calculator designed to compute polynomial functions.
2. **The Analytical Engine** – a more advanced general-purpose mechanical computer, which incorporated concepts like an arithmetic logic unit, control flow, and memory, making it the precursor to the modern programmable computer.

**Concise answer:** Charles Babbage designed and conceptualized the first mechanical computers, notably the Difference Engine and the Analytical Engine, laying the foundational ideas for programmable computing.",True
WebQTest-512,webqsp,test,who were mary shelley?,"Mary Shelley was an English novelist, short story writer, and poet, best known for her Gothic novel ""Frankenstein,"" or ""The Modern Prometheus.""","['Editor', 'Biographer', 'Playwright', 'Travel writer', 'Novelist', 'Writer', 'Essayist', 'Author']",Tiered-Forest,"Mary Shelley was an English novelist, short story writer, and poet, best known for her Gothic novel ""Frankenstein,"" or ""The Modern Prometheus.""",True
WebQTest-1047,webqsp,test,who does amy stiller play in dodgeball?,"Amy Smart plays the character of Annie Stiller in the movie ""Dodgeball: A True Underdog Story.""",['Keno Waitress'],Tiered-Forest,"Amy Smart plays the character of Annie Stiller in the movie ""Dodgeball: A True Underdog Story.""",False
WebQTest-1685,webqsp,test,where did benjamin franklin went to school?,"Benjamin Franklin was largely self-educated, but he did attend school and the Philadelphia Latin School briefly as a child.",['Boston Latin School'],Tiered-Forest,"Benjamin Franklin was largely self-educated, but he did attend school and the Philadelphia Latin School briefly as a child.",False
WebQTest-218,webqsp,test,in which continent is germany?,Germany is located in the continent of Europe.,['Europe'],Tiered-Forest,Germany is located in the continent of Europe.,True
WebQTest-938,webqsp,test,who was queen elizabeth ii mom?,"Queen Elizabeth II's mother was Queen Elizabeth The Queen Mother, originally named Elizabeth Bowes-Lyon.",['Queen Elizabeth The Queen Mother'],Tiered-Forest,"Queen Elizabeth II's mother was Queen Elizabeth The Queen Mother, originally named Elizabeth Bowes-Lyon.",True
WebQTest-1570,webqsp,test,where is the arizona cardinals stadium located?,"The Arizona Cardinals stadium is located in Glendale, Arizona.",['Arizona'],Tiered-Forest,"The Arizona Cardinals stadium is located in Glendale, Arizona.",True
WebQTest-935,webqsp,test,where was osama bin laden killed?,"Osama bin Laden was killed in Abbottabad, Pakistan.",['Abbottabad'],Tiered-Forest,"Osama bin Laden was killed in Abbottabad, Pakistan.",True
WebQTest-454,webqsp,test,where did hank marvin come from?,"Hank Marvin came from England, specifically from Hornchurch, Essex.",['Newcastle upon Tyne'],Tiered-Forest,"Hank Marvin came from England, specifically from Hornchurch, Essex.",False
WebQTest-1807,webqsp,test,what was wayne gretzky's first team?,Wayne Gretzky's first team was the Edmonton Oilers.,['Edmonton Oilers'],Tiered-Forest,Wayne Gretzky's first team was the Edmonton Oilers.,True
WebQTest-1960,webqsp,test,when was the last time the toronto maple leafs win the stanley cup?,The Toronto Maple Leafs last won the Stanley Cup in 1967.,['1967 Stanley Cup Finals'],Tiered-Forest,The Toronto Maple Leafs last won the Stanley Cup in 1967.,False
WebQTest-757,webqsp,test,who is angelina jolie mom and dad?,Angelina Jolie's parents are Marcheline Bertrand and Jon Voight.,"['Marcheline Bertrand', 'Jon Voight']",Tiered-Forest,Angelina Jolie's parents are Marcheline Bertrand and Jon Voight.,True
WebQTest-721,webqsp,test,what kind of leukemia did jill clayburgh have?,Jill Clayburgh had chronic myelogenous leukemia (CML).,"['B-cell chronic lymphocytic leukemia', 'Leukemia']",Tiered-Forest,Jill Clayburgh had chronic myelogenous leukemia (CML).,True
WebQTest-123,webqsp,test,what all does google now do?,"Google Now proactively provides information and assists with daily tasks by:

- Giving updates on traffic, public transportation, and weather
- Managing your calendar and sending reminders
- Offering suggestions based on your location, habits, and search history (like nearby restaurants or news topics you follow)
- Sending alerts for packages, flights, and events","['Google Classroom', 'Google Drive', 'Apache Wave', 'Google Earth', 'Google Buzz', 'Google Docs, Sheets, and Slides', 'Nexus S', 'Google Glass', 'Nexus 7', 'Nexus Q', 'Nexus 10', 'Google Maps', 'Chromecast']",Tiered-Forest,"Google Now proactively provides information and assists with daily tasks by:

- Giving updates on traffic, public transportation, and weather
- Managing your calendar and sending reminders
- Offering suggestions based on your location, habits, and search history (like nearby restaurants or news topics you follow)
- Sending alerts for packages, flights, and events",False
WebQTest-361,webqsp,test,what to do and see in vienna austria?,"In Vienna, you should:

1. **See historic landmarks**: Schönbrunn Palace, St. Stephen's Cathedral, and the Hofburg.
2. **Experience culture**: Attend a performance at the Vienna State Opera or a classical music concert.
3. **Enjoy Viennese life**: Visit traditional coffeehouses and explore the Ringstrasse boulevard.

This combines imperial history, world-class arts, and the city's famous café culture.","['Rock im Park', 'Schönbrunn Palace', 'Minoritenkirche', ""St. Stephen's Cathedral, Vienna"", 'Vienna State Opera', 'Liechtenstein Museum', 'Schloss Hof', 'mumok', 'Imperial Crypt', 'Belvedere, Vienna', 'Kunsthistorisches Museum', 'Karlskirche, Vienna', 'Albertina', 'Naturhistorisches Museum', 'Hofburg Palace', 'Jesuit Church, Vienna', 'Schottenkirche, Vienna', 'Museum of Military History, Vienna', 'Vienna International Centre', 'Sigmund Freud Museum', 'Vienna Observatory', 'Augustinian Church, Vienna', 'Capuchin Church, Vienna', 'Prater', 'Millennium Tower', ""St. Peter's Church"", 'Leopold Museum', 'Haus der Musik', 'Rathaus, Vienna']",Tiered-Forest,"In Vienna, you should:

1. **See historic landmarks**: Schönbrunn Palace, St. Stephen's Cathedral, and the Hofburg.
2. **Experience culture**: Attend a performance at the Vienna State Opera or a classical music concert.
3. **Enjoy Viennese life**: Visit traditional coffeehouses and explore the Ringstrasse boulevard.

This combines imperial history, world-class arts, and the city's famous café culture.",True
WebQTest-111,webqsp,test,where is the carpathian mountain range located?,The Carpathian mountain range is located in Central and Eastern Europe.,['Europe'],Tiered-Forest,The Carpathian mountain range is located in Central and Eastern Europe.,True
WebQTest-673,webqsp,test,where did robert kardashian go to college?,Robert Kardashian went to the University of Southern California (USC) for college.,"['University of San Diego', 'University of San Diego School of Law', 'University of Southern California']",Tiered-Forest,Robert Kardashian went to the University of Southern California (USC) for college.,True
WebQTest-987,webqsp,test,what does barbara bush do for work?,"Barbara Bush was not employed in a traditional job or career. Her primary role was as a public figure, specifically serving as the First Lady of the United States (1989–1993), which is an unpaid position focused on advocacy and ceremony. She dedicated her work to promoting literacy and volunteering for various charitable causes.",['First Lady'],Tiered-Forest,"Barbara Bush was not employed in a traditional job or career. Her primary role was as a public figure, specifically serving as the First Lady of the United States (1989–1993), which is an unpaid position focused on advocacy and ceremony. She dedicated her work to promoting literacy and volunteering for various charitable causes.",True
WebQTest-773,webqsp,test,where is the sony ericsson company?,"Sony Ericsson was headquartered in Stockholm, Sweden, but the company is now defunct, having been merged into Sony Mobile.",['Minato'],Tiered-Forest,"Sony Ericsson was headquartered in Stockholm, Sweden, but the company is now defunct, having been merged into Sony Mobile.",False
WebQTest-1616,webqsp,test,what did shannon hoon die from?,Shannon Hoon died from a drug overdose.,['Drug overdose'],Tiered-Forest,Shannon Hoon died from a drug overdose.,True
WebQTest-874,webqsp,test,what language do people from bosnia speak?,"People from Bosnia primarily speak Bosnian, which is similar to Serbian and Croatian and is part of the South Slavic language family.","['Serbo-Croatian Language', 'Serbian language', 'Bosnian language', 'Croatian language']",Tiered-Forest,"People from Bosnia primarily speak Bosnian, which is similar to Serbian and Croatian and is part of the South Slavic language family.",False
WebQTest-766,webqsp,test,what is malaysian currency?,The Malaysian currency is the Malaysian Ringgit (MYR).,['Malaysian ringgit'],Tiered-Forest,The Malaysian currency is the Malaysian Ringgit (MYR).,True
WebQTest-1445,webqsp,test,what tv series did mark harmon star in?,"Mark Harmon starred in the TV series ""NCIS"" as Special Agent Leroy Jethro Gibbs.","['Chicago Hope', 'Centennial', 'From the Earth to the Moon', 'St. Elsewhere', 'Flamingo Road', 'NCIS', 'Eleanor and Franklin: The White House Years', 'Sam', '240-Robert', 'Charlie Grace', 'The Dream Merchants', 'Reasonable Doubts']",Tiered-Forest,"Mark Harmon starred in the TV series ""NCIS"" as Special Agent Leroy Jethro Gibbs.",True
WebQTest-153,webqsp,test,what are the sights to see in madrid?,"The sights to see in Madrid include the Royal Palace, Retiro Park, and the Prado Museum.","['El Escorial', 'Museo Nacional Del Prado', 'Museo Nacional Centro de Arte Reina Sofía', 'Summercase', 'Festimad', 'Buen Retiro Park', 'Royal Palace of Madrid', 'Almudena Cathedral', 'Sorolla Museum', 'Plaza de Cibeles', 'Madrid Arena', 'Paseo del Prado', 'Parque Warner Madrid', 'Thyssen-Bornemisza Museum', 'Temple of Debod', 'Puerta del Sol', 'Gran Vía', 'Madrid Marathon', 'Plaza Mayor, Madrid', 'La Vaguada', 'Museum of Lázaro Galdiano', 'Palace of la Bolsa de Madrid']",Tiered-Forest,"The sights to see in Madrid include the Royal Palace, Retiro Park, and the Prado Museum.",False
WebQTest-420,webqsp,test,where is perpignan located?,"Perpignan is located in the southern part of France, in the Pyrénées-Orientales department.","['Pyrénées-Orientales', 'France', 'Languedoc-Roussillon']",Tiered-Forest,"Perpignan is located in the southern part of France, in the Pyrénées-Orientales department.",True
WebQTest-1416,webqsp,test,what was franklin pierce famous for?,"Franklin Pierce is famous for being the 14th President of the United States, particularly for his support of the Kansas-Nebraska Act.",['US President'],Tiered-Forest,"Franklin Pierce is famous for being the 14th President of the United States, particularly for his support of the Kansas-Nebraska Act.",False
WebQTest-1748,webqsp,test,through which countries of the sahel does the niger river flow?,"The Niger River flows through Niger, Mali, and Benin in the Sahel region.","['Mali', 'Niger', 'Nigeria']",Tiered-Forest,"The Niger River flows through Niger, Mali, and Benin in the Sahel region.",True
WebQTest-354,webqsp,test,what art movement did leonardo da vinci belong to?,Leonardo da Vinci belonged to the High Renaissance art movement.,"['Pastel Art', 'High Renaissance']",Tiered-Forest,Leonardo da Vinci belonged to the High Renaissance art movement.,True
WebQTest-1392,webqsp,test,what the language spoken in indonesia?,The official language spoken in Indonesia is Indonesian (Bahasa Indonesia).,"['Sunda Language', 'Bali Language', 'Madura Language', 'Dutch Language', 'English Language', 'Javanese Language', 'Batak Language', 'Indonesian Language', 'Tobelo Language', 'Malay Language']",Tiered-Forest,The official language spoken in Indonesia is Indonesian (Bahasa Indonesia).,False
WebQTest-90,webqsp,test,who played on the jeffersons?,"The Jeffersons featured a cast including Sherman Hemsley as George Jefferson, Mahalia Jackson as Louise Jefferson, and John Amos as Georgette Jefferson's husband, Gerald.","['Sherman Hemsley', 'Isabel Sanford', 'Damon Evans', 'Berlinda Tolbert', 'Roxie Roker', 'Zara Cully', 'Marla Gibbs', 'Franklin Cover', 'Paul Benedict', 'Mike Evans', 'Jay Hammer']",Tiered-Forest,"The Jeffersons featured a cast including Sherman Hemsley as George Jefferson, Mahalia Jackson as Louise Jefferson, and John Amos as Georgette Jefferson's husband, Gerald.",True
WebQTest-1916,webqsp,test,what county is utica ny in?,"Utica, NY is in Oneida County.",['Oneida County'],Tiered-Forest,"Utica, NY is in Oneida County.",True
WebQTest-1489,webqsp,test,what character did billy d williams play in star wars?,"Billy D. Williams played the character of Gregori in the Star Wars universe, appearing in ""Star Wars: Episode III – Revenge of the Sith.""",['Lando Calrissian'],Tiered-Forest,"Billy D. Williams played the character of Gregori in the Star Wars universe, appearing in ""Star Wars: Episode III – Revenge of the Sith.""",False
WebQTest-1955,webqsp,test,who are the judges appointed in the supreme court?,The judges appointed to the Supreme Court are selected by the President of India and appointed by the President upon the recommendation of the Chief Justice of India.,"['Clarence Thomas', 'Antonin Scalia', 'Stephen Breyer', 'Ruth Bader Ginsburg', 'Anthony Kennedy', 'Samuel Alito', 'John Roberts', 'Elena Kagan', 'Sonia Sotomayor']",Tiered-Forest,The judges appointed to the Supreme Court are selected by the President of India and appointed by the President upon the recommendation of the Chief Justice of India.,False
WebQTest-708,webqsp,test,who won fa cup 1976?,Manchester United won the FA Cup in 1976.,['Southampton F.C.'],Tiered-Forest,Manchester United won the FA Cup in 1976.,False
WebQTest-342,webqsp,test,what countries have english as their official language?,"Many countries have English as their official language, including but not limited to the United States, United Kingdom, Australia, Canada, and India.","['Bahamas', 'Barbados', 'Belize', 'Bermuda', 'Botswana', 'Kenya', 'Cameroon', 'Cayman Islands', 'Cook Islands', 'Territory of Papua and New Guinea', 'Dominica', 'Fiji', 'Jersey', 'Guyana', 'Guam', 'Ghana', 'Gibraltar', 'Grenada', 'Hong Kong', 'India', 'Republic of Ireland', 'Isle of Man', 'Kiribati', 'Lesotho', 'Liberia', 'Malta', 'Marshall Islands', 'Montserrat', 'Namibia', 'Nauru', 'Nigeria', 'Papua New Guinea', 'Puerto Rico', 'Pakistan', 'Philippines', 'Rwanda', 'Saint Kitts and Nevis', 'Sierra Leone', 'Saint Lucia', 'Saint Vincent and the Grenadines', 'Samoa', 'Singapore', 'Sudan', 'Swaziland', 'Tanzania', 'Turks and Caicos Islands', 'Tuvalu', 'United Kingdom', 'Uganda', 'Vanuatu', 'Zimbabwe', 'Zambia', 'Territory of New Guinea', 'New Zealand', 'Canada', 'Gambia', 'South Africa', 'Wales', 'Antigua and Barbuda']",Tiered-Forest,"Many countries have English as their official language, including but not limited to the United States, United Kingdom, Australia, Canada, and India.",True
WebQTest-921,webqsp,test,what was the cause of death for huell howser?,Huell Howser died from complications of prostate cancer.,['Prostate cancer'],Tiered-Forest,Huell Howser died from complications of prostate cancer.,True
WebQTest-774,webqsp,test,what kind of currency does the dominican republic have?,The Dominican Republic uses the Dominican peso as its currency.,['Dominican peso'],Tiered-Forest,The Dominican Republic uses the Dominican peso as its currency.,True
WebQTest-279,webqsp,test,what county is st paul va in?,"St. Paul, VA is in Scott County, Virginia.","['Wise County', 'Russell County']",Tiered-Forest,"St. Paul, VA is in Scott County, Virginia.",False
WebQTest-172,webqsp,test,what do you call members of the senate?,Members of the senate are called senators.,"['President of the Senate', 'State Senator', 'Chief of staff', 'President pro tempore', 'Senator', 'Senate majority leader']",Tiered-Forest,Members of the senate are called senators.,True
WebQTest-825,webqsp,test,who does nolan ryan play for?,"Nolan Ryan played for several teams during his MLB career, most notably the Houston Astros and Texas Rangers.","['Houston Astros', 'California Angels']",Tiered-Forest,"Nolan Ryan played for several teams during his MLB career, most notably the Houston Astros and Texas Rangers.",True
WebQTest-128,webqsp,test,who plays juni cortez?,"Juni Cortez is played by Tiera Skovbye in the TV show ""Star Trek: Lower Decks.""",['Daryl Sabara'],Tiered-Forest,"Juni Cortez is played by Tiera Skovbye in the TV show ""Star Trek: Lower Decks.""",False
WebQTest-178,webqsp,test,who was the leader of the us during wwii?,The leader of the United States during World War II was Franklin D. Roosevelt.,"['Franklin D. Roosevelt', 'Harry S. Truman']",Tiered-Forest,The leader of the United States during World War II was Franklin D. Roosevelt.,True
WebQTest-621,webqsp,test,what countries have german as the official language?,"Germany, Austria, and Switzerland have German as their official language, with Luxembourg and parts of Italy also recognizing it officially.","['Belgium', 'Germany', 'East Germany', 'Luxembourg', 'Liechtenstein', 'Switzerland', 'Austria']",Tiered-Forest,"Germany, Austria, and Switzerland have German as their official language, with Luxembourg and parts of Italy also recognizing it officially.",True
WebQTest-671,webqsp,test,who are the senators of hawaii 2012?,"In 2012, the senators from Hawaii were Mazie Hirono and Daniel Akaka.",['Mazie Hirono'],Tiered-Forest,"In 2012, the senators from Hawaii were Mazie Hirono and Daniel Akaka.",True
WebQTest-346,webqsp,test,who does donnie wahlberg play in the sixth sense?,"In ""The Sixth Sense,"" Donnie Wahlberg plays the role of Christopher, a taxi driver.",['Vincent Grey'],Tiered-Forest,"In ""The Sixth Sense,"" Donnie Wahlberg plays the role of Christopher, a taxi driver.",False
WebQTest-331,webqsp,test,where was the temple of karnak built?,"The Temple of Karnak was built in Luxor, Egypt.","['Luxor Governorate', 'Egypt']",Tiered-Forest,"The Temple of Karnak was built in Luxor, Egypt.",True
WebQTest-100,webqsp,test,what language is spoken in haiti today?,"Haiti primarily speaks **Haitian Creole**, which is the native language of the entire population. **French** is also an official language but is spoken by a smaller, more educated segment of society.","['Haitian Creole', 'French']",Tiered-Forest,"Haiti primarily speaks **Haitian Creole**, which is the native language of the entire population. **French** is also an official language but is spoken by a smaller, more educated segment of society.",True
WebQTest-852,webqsp,test,what province is toronto in ( 7 letters )?,"1. The question asks for the province containing Toronto.  
2. Toronto is a major city in Canada.  
3. The province is Ontario.  
4. Ontario has 7 letters, which matches the hint in parentheses.  

**Answer: Ontario**",['Ontario'],Tiered-Forest,"1. The question asks for the province containing Toronto.  
2. Toronto is a major city in Canada.  
3. The province is Ontario.  
4. Ontario has 7 letters, which matches the hint in parentheses.  

**Answer: Ontario**",True
WebQTest-1634,webqsp,test,who does peter griffin voice?,Peter Griffin is voiced by Seth MacFarlane.,['Seth MacFarlane'],Tiered-Forest,Peter Griffin is voiced by Seth MacFarlane.,True
WebQTest-1915,webqsp,test,where did harry s truman go to school?,"Harry S. Truman attended the Presbyterian Church Sunday school and Central High School in Independence, Missouri, but did not complete high school, instead opting to work and serve in the military.","['University of Missouri–Kansas City', 'University of Missouri–Kansas City School of Law', 'William Chrisman High School']",Tiered-Forest,"Harry S. Truman attended the Presbyterian Church Sunday school and Central High School in Independence, Missouri, but did not complete high school, instead opting to work and serve in the military.",False
WebQTest-257,webqsp,test,who was the soviet leader during world war ii?,The Soviet leader during World War II was Joseph Stalin.,"['Nikita Khrushchev', 'Leonid Brezhnev']",Tiered-Forest,The Soviet leader during World War II was Joseph Stalin.,False
WebQTest-633,webqsp,test,what is claire danes famous for?,"Claire Danes is famous for her roles in television series like ""My So-Called Life"" and ""Homeland,"" as well as her film work in ""Dead Poets Society"" and ""Shakespeare in Love.""","['Actor', 'Television producer', 'Voice Actor']",Tiered-Forest,"Claire Danes is famous for her roles in television series like ""My So-Called Life"" and ""Homeland,"" as well as her film work in ""Dead Poets Society"" and ""Shakespeare in Love.""",False
WebQTest-1004,webqsp,test,what movies did christopher plummer play in?,"Christopher Plummer appeared in a wide range of movies including ""The Prince of Tides,"" ""A Beautiful Mind,"" and ""The Last Station,"" among many others.","['Elsa & Fred', 'Remember', 'The Insider', 'I Love N.Y.', 'Star Trek VI: The Undiscovered Country', 'Battle of Britain', 'Malcolm X', 'The Fall of the Roman Empire', 'Little Gloria... Happy at Last', 'Money', 'Stage Struck', 'Murder by Decree', 'Triple Cross', ""A Doll's House"", 'Young Catherine', 'Dolores Claiborne', 'Lily in Love', 'The Imaginarium of Doctor Parnassus', 'Up', 'The Pyx', 'Babes in Toyland', 'Eyewitness', 'The Clown at Midnight', 'Firehead', 'Nicholas Nickleby', '9', 'American Tragedy', 'Hamlet at Elsinore', 'Wolf', 'National Treasure', 'Man in the Chair', 'Lucky Break', 'Ararat', 'Riel', 'Somewhere in Time', 'The Amateur', 'An American Tail', 'The Spiral Staircase', 'My Dog Tulip', 'The Last Station', 'Alexander', 'A Hazard of Hearts', 'Conduct Unbecoming', 'Aces High', 'Already Dead', 'The Conspiracy of Fear', ""Liar's Edge"", 'Blackheart', 'Blizzard', 'The Dinosaur Hunter', 'Prototype', 'The First Circle', 'Dracula 2000', 'Lock Up Your Daughters', 'Nobody Runs Forever', 'The New World', 'Dreamscape', 'Cold Creek Manor', ""The Boss' Wife"", 'Wind Across the Everglades', 'Our Fathers', 'Inside Daisy Clover', 'The Return of the Pink Panther', 'When the Circus Came to Town', 'Shadow Dancing', 'Rock-a-Doodle', 'On Golden Pond', 'The Night of the Generals', 'Hanover Street', 'Gandahar', 'The Man Who Planted Trees', 'Secrets', 'Possessed', 'Priest', 'Syriana', 'The Scarlet and the Black', 'Must Love Dogs', '12 Monkeys', 'Waterloo', 'Where the Heart Is', 'Full Disclosure', 'Starcrash', 'The Boy in Blue', 'A Beautiful Mind', 'Inside Man', 'The Man Who Would Be King', 'Winchell', 'Beginners', 'Dragnet', 'Ordeal by Innocence', 'Impolite', 'Vampire in Venice', 'The Lake House', 'Night Flight', 'The Day That Shook the World', 'The Gospel of John', 'Heidi', 'Madeline: Lost in Paris', 'Oedipus the King', 'The Royal Hunt of the Sun', 'Woman Wanted', ""A Marriage: Georgia O'Keeffe and Alfred Stieglitz"", 'The Sound of Music', 'Four Minutes', 'Hidden Agenda', 'The Assignment', 'Highpoint', 'Souvenir', 'Harrison Bergeron', 'The Girl with the Dragon Tattoo', 'Five Good Years', 'The Silent Partner', 'Closing the Ring', 'International Velvet', 'Rumpelstiltskin', 'Silver Blaze', 'Emotional Arithmetic', 'Barrymore', 'Dark Descent of the Forgotten Empress', 'Kali the Little Vampire', 'Skeletons', ""The Gnomes' Great Adventure"", 'Imagine', 'The Legend of Sarila', 'The Tempest', 'Hector and the Search for Happiness', 'Caesar and Cleopatra', ""Muhammad Ali's Greatest Fight"", 'The Forger']",Tiered-Forest,"Christopher Plummer appeared in a wide range of movies including ""The Prince of Tides,"" ""A Beautiful Mind,"" and ""The Last Station,"" among many others.",True
WebQTest-797,webqsp,test,what is the zip code for newark california?,"The primary zip code for Newark, California is 94560.",['94560'],Tiered-Forest,"The primary zip code for Newark, California is 94560.",True
WebQTest-1252,webqsp,test,who plays eowyn in lord of the rings?,"Eowyn in ""The Lord of the Rings"" films is played by Miranda Otto.",['Miranda Otto'],Tiered-Forest,"Eowyn in ""The Lord of the Rings"" films is played by Miranda Otto.",True
WebQTest-184,webqsp,test,what state does romney live in?,Mitt Romney lives in Utah.,['Massachusetts'],Tiered-Forest,Mitt Romney lives in Utah.,False
WebQTest-2012,webqsp,test,what is london uk time zone?,"London, UK is in the Greenwich Mean Time (GMT) zone and British Summer Time (BST), which is GMT+1 from March to October.",['Greenwich Mean Time Zone'],Tiered-Forest,"London, UK is in the Greenwich Mean Time (GMT) zone and British Summer Time (BST), which is GMT+1 from March to October.",False
WebQTest-318,webqsp,test,what is the money of switzerland called?,The money of Switzerland is called the Swiss franc.,['Swiss franc'],Tiered-Forest,The money of Switzerland is called the Swiss franc.,True
WebQTest-1007,webqsp,test,what district does nancy pelosi represent?,Nancy Pelosi represents California's 12th district.,"['California’s 5th congressional district', 'California’s 8th congressional district', 'California’s 12th congressional district']",Tiered-Forest,Nancy Pelosi represents California's 12th district.,False
WebQTest-1911,webqsp,test,where did scott fitzgerald go to college?,Scott Fitzgerald attended Princeton University.,['Princeton University'],Tiered-Forest,Scott Fitzgerald attended Princeton University.,True
WebQTest-1121,webqsp,test,what is kentucky state slogan?,"The Kentucky state slogan is ""The Horse State.""","['United we stand, divided we fall']",Tiered-Forest,"The Kentucky state slogan is ""The Horse State.""",False
WebQTest-224,webqsp,test,where did william morris go to college?,William Morris did not attend college; he was largely self-educated and attended only elementary school and a brief period at Marlborough College.,"['University of Oxford', 'Exeter College, Oxford']",Tiered-Forest,William Morris did not attend college; he was largely self-educated and attended only elementary school and a brief period at Marlborough College.,False
WebQTest-617,webqsp,test,where did tim tebow grow up?,"Tim Tebow grew up in Orlando, Florida.",['Makati'],Tiered-Forest,"Tim Tebow grew up in Orlando, Florida.",False
WebQTest-1251,webqsp,test,which countries speak germanic languages?,"The candidate answer is partially correct but incomplete. Germanic languages are spoken across a wider range of countries.

**Primary countries where a Germanic language is the official majority language include:**
- **German:** Germany, Austria, Switzerland, Liechtenstein, Luxembourg, Belgium (co-official)
- **English:** United Kingdom, Ireland, United States, Canada, Australia, New Zealand, etc.
- **Dutch:** Netherlands, Belgium (co-official), Suriname
- **Afrikaans:** South Africa, Namibia
- **Nordic languages:** Sweden, Denmark, Norway, Iceland, Faroe Islands

**Concise answer:**
Countries where Germanic languages are official and widely spoken include Germany, Austria, Switzerland, the Netherlands, Belgium, Luxembourg, Liechtenstein, the UK, Ireland, Sweden, Denmark, Norway, Iceland, South Africa, and other English-speaking nations worldwide.","['Belgium', 'Germany', 'East Germany', 'Luxembourg', 'Liechtenstein', 'Switzerland', 'Austria']",Tiered-Forest,"The candidate answer is partially correct but incomplete. Germanic languages are spoken across a wider range of countries.

**Primary countries where a Germanic language is the official majority language include:**
- **German:** Germany, Austria, Switzerland, Liechtenstein, Luxembourg, Belgium (co-official)
- **English:** United Kingdom, Ireland, United States, Canada, Australia, New Zealand, etc.
- **Dutch:** Netherlands, Belgium (co-official), Suriname
- **Afrikaans:** South Africa, Namibia
- **Nordic languages:** Sweden, Denmark, Norway, Iceland, Faroe Islands

**Concise answer:**
Countries where Germanic languages are official and widely spoken include Germany, Austria, Switzerland, the Netherlands, Belgium, Luxembourg, Liechtenstein, the UK, Ireland, Sweden, Denmark, Norway, Iceland, South Africa, and other English-speaking nations worldwide.",True
WebQTest-124,webqsp,test,what language does egyptian people speak?,Egyptian people primarily speak Egyptian Arabic.,['Modern Standard Arabic'],Tiered-Forest,Egyptian people primarily speak Egyptian Arabic.,False
WebQTest-1230,webqsp,test,what to see in christchurch new zealand?,"In Christchurch, New Zealand, you should see the iconic Canterbury Museum, the impressive Christchurch Cathedral, and the beautiful Hagley Park.","['International Antarctic Centre', 'Ferrymead Heritage Park', 'Cathedral Square, Christchurch', 'Willowbank Wildlife Reserve, Christchurch', 'Christchurch Botanic Gardens', 'Christchurch Arts Centre', 'Air Force Museum of New Zealand', 'Canterbury Museum, Christchurch', 'TranzAlpine', 'Lyttelton Timeball Station']",Tiered-Forest,"In Christchurch, New Zealand, you should see the iconic Canterbury Museum, the impressive Christchurch Cathedral, and the beautiful Hagley Park.",False
WebQTest-204,webqsp,test,what is the capital of modern egypt?,The capital of modern Egypt is Cairo.,['Cairo'],Tiered-Forest,The capital of modern Egypt is Cairo.,True
WebQTest-1070,webqsp,test,what are the names of michael jackson's 3 children?,"Michael Jackson's three children are Prince, Paris, and Blanket (born as Kymani Marque).","['Paris-Michael Katherine Jackson', 'Michael Joseph Jackson, Jr.', 'Prince Michael Jackson II']",Tiered-Forest,"Michael Jackson's three children are Prince, Paris, and Blanket (born as Kymani Marque).",False
WebQTest-166,webqsp,test,what was dr seuss education?,"Dr. Seuss was educated at Dartmouth College, the University of Oxford, and studied art and literature.","['Dartmouth College', 'University of Oxford', 'Lincoln College, Oxford']",Tiered-Forest,"Dr. Seuss was educated at Dartmouth College, the University of Oxford, and studied art and literature.",True
WebQTest-1217,webqsp,test,what is monta ellis career high points?,"Monta Ellis's career high points per game were 19.0, which he achieved during the 2012-2013 season with the Miami Heat.",['NBA Most Improved Player Award'],Tiered-Forest,"Monta Ellis's career high points per game were 19.0, which he achieved during the 2012-2013 season with the Miami Heat.",False
WebQTest-717,webqsp,test,what timezone is tucson arizona in right now?,"Tucson, Arizona is currently in **Mountain Standard Time (MST)** year-round. It does not observe Daylight Saving Time.",['Mountain Time Zone'],Tiered-Forest,"Tucson, Arizona is currently in **Mountain Standard Time (MST)** year-round. It does not observe Daylight Saving Time.",False
WebQTest-575,webqsp,test,who is louisiana state senator?,"The Louisiana State Senate consists of multiple senators representing different districts, so there isn't a single person who can be identified as ""the Louisiana state senator.""","['John Slidell', 'Mary Landrieu', 'Edward Livingston', 'Judah P. Benjamin', 'Russell B. Long', 'John Breaux', 'David Vitter', 'William C. C. Claiborne', 'Edward Douglass White', 'Pierre Soulé', 'James Brown', 'Thomas Posey', 'Charles Magill Conrad', 'Eligius Fromentin', 'Jean Noel Destréhan', 'Henry Johnson', 'Alexander Barrow', 'Charles Dominique Joseph Bouligny', 'Jeremiah B. Howell', 'George A. Waggaman', 'Robert C. Nicholas', 'Allan B. Magruder', 'Josiah S. Johnston', 'Alexander Porter', 'Alexandre Mouton', 'Huey Long']",Tiered-Forest,"The Louisiana State Senate consists of multiple senators representing different districts, so there isn't a single person who can be identified as ""the Louisiana state senator.""",False
WebQTest-96,webqsp,test,where did richard nixon die?,"Richard Nixon died in New York City on April 22, 1994.",['New York City'],Tiered-Forest,"Richard Nixon died in New York City on April 22, 1994.",True
WebQTest-1357,webqsp,test,where is the fukushima daiichi nuclear power station?,"The Fukushima Daiichi nuclear power station is located in Fukushima Prefecture, northeastern Japan.","['Japan', 'Okuma']",Tiered-Forest,"The Fukushima Daiichi nuclear power station is located in Fukushima Prefecture, northeastern Japan.",True
WebQTest-968,webqsp,test,what do people speak in germany?,People in Germany primarily speak German.,"['Bavarian Language', 'Frisian, Northern Language', 'German Language', 'Turoyo Language', 'Saxon, Upper Language', 'Low German']",Tiered-Forest,People in Germany primarily speak German.,False
WebQTest-277,webqsp,test,who was esther's husband?,Esther's husband in the biblical story is Mordecai.,"['Xerxes I', 'Ahasuerus']",Tiered-Forest,Esther's husband in the biblical story is Mordecai.,False
WebQTest-1774,webqsp,test,who was judi dench married to?,Judi Dench was married to Michael Williams from 1964 until his death in 2009.,['Michael Williams'],Tiered-Forest,Judi Dench was married to Michael Williams from 1964 until his death in 2009.,True
WebQTest-306,webqsp,test,who is the head coach of inter milan?,The head coach of Inter Milan is Simone Inzaghi.,['Walter Mazzarri'],Tiered-Forest,The head coach of Inter Milan is Simone Inzaghi.,False
WebQTest-1429,webqsp,test,what currency is accepted in new zealand?,The currency accepted in New Zealand is the New Zealand dollar.,['New Zealand dollar'],Tiered-Forest,The currency accepted in New Zealand is the New Zealand dollar.,True
WebQTest-214,webqsp,test,which continents were part of the roman empire?,"The Roman Empire included parts of Europe, Africa, and Asia.","['Europe', 'Middle East', 'North Africa']",Tiered-Forest,"The Roman Empire included parts of Europe, Africa, and Asia.",True
WebQTest-1586,webqsp,test,who was queen isabella's mother?,Queen Isabella of Castile's mother was Maria of Portugal.,"['Isabella of Portugal, Queen of Castile']",Tiered-Forest,Queen Isabella of Castile's mother was Maria of Portugal.,False
WebQTest-213,webqsp,test,who did scarlett johansson date?,"Scarlett Johansson has dated several people, including Romain Dauriac, Ryan Reynolds, and Colin Farrell, among others.","['nm1157013', 'Josh Hartnett', 'Topher Grace', 'Jared Leto', 'Ryan Reynolds', 'Patrick Wilson', 'Justin Timberlake', 'Benicio del Toro', 'Romain Dauriac']",Tiered-Forest,"Scarlett Johansson has dated several people, including Romain Dauriac, Ryan Reynolds, and Colin Farrell, among others.",True
WebQTest-1085,webqsp,test,who was demi lovato dating?,Demi Lovato was dating Neil Patrick Harris from 2016 to 2017.,"['Nicholas Braun', 'Joe Jonas', 'Cody Linley', 'Wilmer Valderrama']",Tiered-Forest,Demi Lovato was dating Neil Patrick Harris from 2016 to 2017.,False
WebQTest-1304,webqsp,test,what was hitler the leader of?,"Hitler was the leader of Nazi Germany, specifically as its Führer and Chancellor.","['Hitler Youth', 'Gestapo', '1st SS Panzer Division Leibstandarte SS Adolf Hitler', 'Nazi Party', 'Schutzstaffel', 'Waffen-SS', 'Wehrmacht', 'Sturmabteilung']",Tiered-Forest,"Hitler was the leader of Nazi Germany, specifically as its Führer and Chancellor.",False
WebQTest-1610,webqsp,test,who was gerald ford vp?,"Gerald Ford was never Vice President. He was appointed Vice President after Spiro Agnew resigned, and then became President when Richard Nixon resigned.",['Nelson Rockefeller'],Tiered-Forest,"Gerald Ford was never Vice President. He was appointed Vice President after Spiro Agnew resigned, and then became President when Richard Nixon resigned.",False
WebQTest-440,webqsp,test,where is jason mraz from?,"Jason Mraz is from Sparks, Nevada, United States.","['California', 'Mechanicsville']",Tiered-Forest,"Jason Mraz is from Sparks, Nevada, United States.",False
WebQTest-108,webqsp,test,what was the book written by charles darwin?,Charles Darwin wrote *On the Origin of Species*.,"[""Charles Darwin's zoology notes & specimen lists from H.M.S. Beagle"", 'From so simple a beginning', 'On Natural Selection', 'Voyage of the Beagle', 'On evolution', 'The origin of species : complete and fully illustrated', ""A student's introduction to Charles Darwin"", 'The expression of the emotions in man and animals', 'The Structure and Distribution of Coral Reefs', 'The descent of man, and selection in relation to sex', 'The origin of species by means of natural selection, or, The preservation of favored races in the struggle for life', ""Charles Darwin's letters"", ""Charles Darwin's natural selection"", 'The Autobiography of Charles Darwin (Great Minds Series)', 'The Correspondence of Charles Darwin, Volume 1', 'The origin of species', 'Origin of Species', ""The Origin of Species (Collector's Library)"", 'The Origin of Species (Variorum Reprint)', 'The Origin of Species (Mentor)', ""The Origin of Species (World's Classics)"", 'The Origin of Species (Enriched Classics)', ""The Origin of Species (Oxford World's Classics)"", ""Origin of Species (Everyman's University Paperbacks)"", 'The Origin of Species (Great Minds Series)', 'The Origin of Species (Great Books : Learning Channel)', 'THE ORIGIN OF SPECIES (Wordsworth Collection) (Wordsworth Collection)', 'Origin of Species (Harvard Classics, Part 11)', 'The Origin of Species (Barnes & Noble Classics Series) (Barnes & Noble Classics)', 'The Autobiography of Charles Darwin', 'Autobiography of Charles Darwin', 'The Autobiography of Charles Darwin (Dodo Press)', 'The autobiography of Charles Darwin, 1809-1882', 'The Autobiography of Charles Darwin [EasyRead Edition]', 'The Autobiography of Charles Darwin (Large Print)', 'The Autobiography of Charles Darwin, and selected letters', 'The Autobiography of Charles Darwin [EasyRead Comfort Edition]', 'The Autobiography of Charles Darwin [EasyRead Large Edition]', 'The descent of man, and selection in relation to sex.', 'The descent of man and selection in relation to sex.', 'The Descent of Man and Selection in Relation to Sex', 'Descent of Man and Selection in Relation to Sex (Barnes & Noble Library of Essential Reading)', ""The Descent Of Man And Selection In Relation To Sex (Kessinger Publishing's Rare Reprints)"", 'The expression of the emotions in man and animals.', 'The Expression of the Emotions in Man and Animals (Large Print Edition): The Expression of the Emotions in Man and Animals (Large Print Edition)', 'The Voyage of the Beagle', 'The Correspondence of Charles Darwin, Volume 6', 'The Correspondence of Charles Darwin, Volume 11', 'The Correspondence of Charles Darwin, Volume 5', 'The Correspondence of Charles Darwin, Volume 9', 'The Correspondence of Charles Darwin, Volume 10', 'The Correspondence of Charles Darwin, Volume 7', 'The Correspondence of Charles Darwin, Volume 14', 'The Correspondence of Charles Darwin, Volume 8', 'The Correspondence of Charles Darwin, Volume 15', 'The Correspondence of Charles Darwin, Volume 13', 'The Correspondence of Charles Darwin, Volume 12', 'The Correspondence of Charles Darwin, Volume 2', 'The Correspondence of Charles Darwin, Volume 3', 'The Correspondence of Charles Darwin, Volume 4', 'The structure and distribution of coral reefs.', 'The voyage of the Beagle.', 'The Voyage of the \\""Beagle\\"" (Everyman\'s Classics)', 'The Voyage of the Beagle (Adventure Classics)', 'The Voyage of the Beagle (Everyman Paperbacks)', 'Voyage of the Beagle (Dover Value Editions)', 'The Voyage of the Beagle (Unabridged Classics)', 'The Voyage of the Beagle (Mentor)', 'The Voyage of the Beagle (Great Minds Series)', 'Voyage of the Beagle (NG Adventure Classics)', 'Voyage of the Beagle (Harvard Classics, Part 29)', 'The Voyage of the Beagle (Classics of World Literature) (Classics of World Literature)', 'The Darwin Reader First Edition', 'The Darwin Reader Second Edition', 'The zoology of the voyage of H.M.S. Beagle during the years 1832-1836', 'The Effects of Cross and Self Fertilisation in the Vegetable Kingdom', 'The Different Forms of Flowers on Plants of the Same Species', 'The Essential Darwin', 'Fertilisation of Orchids', 'The Formation of Vegetable Mould through the Action of Worms', 'The principal works', 'ontstaan der soorten door natuurlijke teeltkeus', 'More Letters of Charles Darwin', 'Der Ausdruck der Gemüthsbewegungen bei dem Menschen und den Thieren', 'Wu zhong qi yuan', 'The collected papers of Charles Darwin', 'Reise eines Naturforschers um die Welt', 'Rejse om jorden', 'Das Variiren der Thiere und Pflanzen im Zustande der Domestication', 'Leben und Briefe von Charles Darwin', 'La faculté motrice dans les plantes', 'Darwin for Today', 'Die Bewegungen und Lebensweise der kletternden Pflanzen', 'red notebook of Charles Darwin', 'Darwin en Patagonia', 'Die geschlechtliche Zuchtwahl', 'Het uitdrukken van emoties bij mens en dier', 'variëeren der huisdieren en cultuurplanten', 'To the members of the Down Friendly Club', 'Letters from C. Darwin, Esq., to A. Hancock, Esq', 'Cartas de Darwin 18251859', 'Darwin and Henslow', ""Darwin's notebooks on transmutation of species"", 'El Origin De Las Especies', 'A Darwin Selection', 'Vospominanii︠a︡ o razvitii moego uma i kharaktera', ""Voyage d'un naturaliste autour du monde"", ""Théorie de l'évolution"", 'Notebooks on transmutation of species', 'Darwin on humus and the earthworm', 'Opshṭamung fun menshen', 'Über den Bau und die Verbreitung der Corallen-Riffe', 'Darwin Compendium', 'The geology of the voyage of H.M.S. Beagle', 'Gesammelte kleinere Schriften', 'The portable Darwin', 'H.M.S. Beagle in South America', 'Diario del Viaje de Un Naturalista Alrededor', 'Reise um die Welt 1831 - 36', 'Viaje de Un Naturalista Alrededor del Mundo 2 Vol', 'Die fundamente zur entstehung der arten', 'Metaphysics, Materialism, & the evolution of mind', 'Über die Wege der Hummel-Männchen', 'The education of Darwin', 'monograph on the sub-class Cirripedia', 'The Orgin of Species', 'Questions about the breeding of animals', 'Kleinere geologische Abhandlungen', 'Darwin Darwin', 'Les mouvements et les habitudes des plantes grimpantes', 'Les récifs de corail, leur structure et leur distribution', 'Die Entstehung der Arten durch natürliche Zuchtwahl', 'Del Plata a Tierra del Fuego', 'Darwinism stated by Darwin himself', ""Human nature, Darwin's view"", 'The action of carbonate of ammonia on the roots of certain plants', 'Darwin-Wallace', 'Die Wirkungen der Kreuz- und Selbst-Befruchtung im Pflanzenreich', ""From Darwin's unpublished notebooks"", 'Beagle letters', 'The living thoughts of Darwin', 'Notes on the fertilization of orchids', 'Volcanic Islands', ""Darwin's journal"", 'Memorias y epistolario íntimo', 'On the tendency of species to form varieties', ""Darwin's Ornithological notes"", 'Proiskhozhdenie vidov', 'The Power of Movement in Plants', 'Seul celui qui change reste fidèle à lui-même', ""Les moyens d'expression chez les animaux"", 'Part I: Contributions to the Theory of Natural Selection / Part II', 'Resa kring jorden', 'Tesakneri tsagumě', 'La vie et la correspondance de Charles Darwin', 'Evolution by natural selection', 'Motsa ha-minim', ""La descendance de l'homme et la s©Øelection sexuelle"", ""Un mémoire inédit de Charles Darwin sur l'instinct"", 'Die verschiedenen Blütenformen an Pflanzen der nämlichen Art', ""Darwin's insects"", 'Diary of the voyage of H.M.S. Beagle', 'geneseōs tōn eidōn', 'Insectivorous Plants', 'The Variation of Animals and Plants under Domestication', 'Charles Darwin, 1809-1882--Anton Dohrn, 1840-1909', 'On a remarkable bar of sandstone off Pernambuco', 'The voyage of Charles Darwin', 'Works', ""Geological observations on the volcanic islands and parts of South America visited during the voyage of H.M.S. 'Beagle"", ""Journal of researches into the natural history and geology of the countries visited during the voyage round the world of the H. M. S. 'Beagle' under the command of Captain Fitz Roy, R. N"", 'Charles Darwin', 'Charles Darwin on the routes of male humble bees', ""Charles Darwin's marginalia"", 'Darwin', 'Evolution', 'Evolution and natural selection', 'The foundations of the Origin of species', 'Monographs of the fossil Lepadidae and the fossil Balanidae', 'On the origin of species by means of natural selection', 'Origins', 'The Life of Erasmus Darwin', 'The Correspondence of Charles Darwin, Volume 1: 1821-1836', 'The Correspondence of Charles Darwin, Volume 2: 1837-1843', 'The Correspondence of Charles Darwin, Volume 3: 1844-1846', 'The Correspondence of Charles Darwin, Volume 8: 1860', 'The Correspondence of Charles Darwin, Volume 4: 1847-1850', 'The Correspondence of Charles Darwin, Volume 5: 1851-1855', 'The Correspondence of Charles Darwin, Volume 6: 1856-1857', 'The Correspondence of Charles Darwin, Volume 7: 1858-1859', 'The Correspondence of Charles Darwin, Volume 9: 1861', 'The Correspondence of Charles Darwin, Volume 10: 1862', 'The Correspondence of Charles Darwin, Volume 11: 1863', 'The Correspondence of Charles Darwin, Volume 12: 1864', 'The Correspondence of Charles Darwin, Volume 13: 1865', 'The Correspondence of Charles Darwin, Volume 14: 1866', 'The Correspondence of Charles Darwin, Volume 15: 1867', 'The Correspondence of Charles Darwin, Volume 18: 1870', 'The Correspondence of Charles Darwin, Volume 17: 1869', 'The Correspondence of Charles Darwin, Volume 16: 1868', 'On the Movements and Habits of Climbing Plants', 'Geological Observations on South America']",Tiered-Forest,Charles Darwin wrote *On the Origin of Species*.,True
WebQTest-1434,webqsp,test,who is in the american league in baseball?,"The American League (AL) consists of 15 teams divided as follows:

**AL East:** Baltimore Orioles, Boston Red Sox, New York Yankees, Tampa Bay Rays, Toronto Blue Jays  
**AL Central:** Chicago White Sox, Cleveland Guardians, Detroit Tigers, Kansas City Royals, Minnesota Twins  
**AL West:** Houston Astros, Los Angeles Angels, Oakland Athletics, Seattle Mariners, Texas Rangers","['Boston Red Sox', 'Baltimore Orioles', 'Chicago White Sox', 'Cleveland Indians', 'Detroit Tigers', 'Houston Astros', 'Kansas City Royals', 'Los Angeles Angels of Anaheim', 'Minnesota Twins', 'Washington Senators', 'Oakland Athletics', 'Philadelphia Athletics', 'Tampa Bay Devil Rays', 'Seattle Mariners', 'Toronto Blue Jays', 'Tampa Bay Rays', 'Texas Rangers', 'New York Yankees', 'Seattle Pilots', 'St. Louis Browns', 'Milwaukee Brewers', 'New York Highlanders', 'Chicago White Stockings', 'Cleveland Naps', 'Kansas City Athletics', 'California Angels', 'Anaheim Angels']",Tiered-Forest,"The American League (AL) consists of 15 teams divided as follows:

**AL East:** Baltimore Orioles, Boston Red Sox, New York Yankees, Tampa Bay Rays, Toronto Blue Jays  
**AL Central:** Chicago White Sox, Cleveland Guardians, Detroit Tigers, Kansas City Royals, Minnesota Twins  
**AL West:** Houston Astros, Los Angeles Angels, Oakland Athletics, Seattle Mariners, Texas Rangers",True
WebQTest-1875,webqsp,test,what type of political system is brazil?,Brazil has a federal republic political system.,"['Presidential system', 'Constitutional republic', 'Federal republic']",Tiered-Forest,Brazil has a federal republic political system.,True
WebQTest-1670,webqsp,test,who is tatyana ali parents?,Tatyana Ali's parents are Fred Ali and Lorna Ali.,"['Sheriff Ali', 'Sonia Ali']",Tiered-Forest,Tatyana Ali's parents are Fred Ali and Lorna Ali.,False
WebQTest-1853,webqsp,test,what made richard hammond famous?,"Richard Hammond gained fame primarily as a co-presenter of the popular BBC television series **""Top Gear""**, alongside Jeremy Clarkson and James May. His energetic and often accident-prone persona on the show made him a household name.","['Presenter', 'Stunt Performer', 'Television producer', 'Radio personality', 'Writer', 'Journalist', 'Screenwriter', 'Author', 'Voice Actor']",Tiered-Forest,"Richard Hammond gained fame primarily as a co-presenter of the popular BBC television series **""Top Gear""**, alongside Jeremy Clarkson and James May. His energetic and often accident-prone persona on the show made him a household name.",True
WebQTest-667,webqsp,test,what is the capital of republic of ireland?,The capital of the Republic of Ireland is Dublin.,['Dublin'],Tiered-Forest,The capital of the Republic of Ireland is Dublin.,True
WebQTest-1181,webqsp,test,what is the current time in kauai hawaii?,"I don't have real-time data access, so I can't provide the current time in Kauai, Hawaii. You can check an online time zone converter or a reliable time source for the most accurate information.",['Hawaii-Aleutian Time Zone'],Tiered-Forest,"I don't have real-time data access, so I can't provide the current time in Kauai, Hawaii. You can check an online time zone converter or a reliable time source for the most accurate information.",False
WebQTest-397,webqsp,test,what are the school colors for harvard university?,The school colors for Harvard University are crimson and gold.,['Crimson'],Tiered-Forest,The school colors for Harvard University are crimson and gold.,True
WebQTest-60,webqsp,test,where did eleanor roosevelt die?,Eleanor Roosevelt died in New York City.,['Manhattan'],Tiered-Forest,Eleanor Roosevelt died in New York City.,False
WebQTest-284,webqsp,test,where did the latin language originate from?,The Latin language originated from the Latium region in ancient Italy.,"['Italic languages', 'Indo-European languages']",Tiered-Forest,The Latin language originated from the Latium region in ancient Italy.,False
WebQTest-481,webqsp,test,what kind of money do they use in germany?,"They use the euro (€), whose currency code is EUR.",['Euro'],Tiered-Forest,"They use the euro (€), whose currency code is EUR.",True
WebQTest-1972,webqsp,test,where did john franklin live?,"John Franklin lived in various locations during his expeditions in the Arctic, but he was born and raised in York, Ontario, Canada.",['Blue Island'],Tiered-Forest,"John Franklin lived in various locations during his expeditions in the Arctic, but he was born and raised in York, Ontario, Canada.",False
WebQTest-1350,webqsp,test,what did jesse owens won?,Jesse Owens won four gold medals in the 1936 Berlin Olympics.,['Associated Press Male Athlete of the Year'],Tiered-Forest,Jesse Owens won four gold medals in the 1936 Berlin Olympics.,False
WebQTest-1656,webqsp,test,what are some of leonardo da vinci most famous inventions?,"Some of Leonardo da Vinci's most famous inventions include the flying machine, armored vehicle, and diving suit.","['Anemometer', 'Diving suit', 'Ornithopter', 'Viola organista', 'Double hull', 'Parachute', 'Triple Barrel Canon', '33-Barreled Organ', 'Aerial Screw', 'Armored car']",Tiered-Forest,"Some of Leonardo da Vinci's most famous inventions include the flying machine, armored vehicle, and diving suit.",True
WebQTest-1771,webqsp,test,what is the islamic belief?,Islamic belief centers around the faith in one God (Allah) and the teachings of the Prophet Muhammad as outlined in the Quran.,"['Mahdi', 'Tawhid', 'Prophets in Islam', 'Predestination in Islam', 'Entering Heaven alive', 'Monotheism', 'Islamic view of angels', 'Qiyamah', 'Sharia', 'Masih ad-Dajjal', 'Islamic holy books', 'God in Islam', 'Ṭūbā']",Tiered-Forest,Islamic belief centers around the faith in one God (Allah) and the teachings of the Prophet Muhammad as outlined in the Quran.,False
WebQTest-1569,webqsp,test,what jamaican money called?,Jamaican money is called Jamaican dollars.,['Jamaican dollar'],Tiered-Forest,Jamaican money is called Jamaican dollars.,True
WebQTest-1132,webqsp,test,what did coretta scott king died from?,Coretta Scott King died from complications of ovarian cancer.,['Respiratory failure'],Tiered-Forest,Coretta Scott King died from complications of ovarian cancer.,False
WebQTest-823,webqsp,test,what does bolivia border?,"Bolivia borders Brazil, Paraguay, Argentina, Chile, and Peru.","['Brazil', 'Peru', 'Chile', 'Paraguay', 'Argentina']",Tiered-Forest,"Bolivia borders Brazil, Paraguay, Argentina, Chile, and Peru.",True
WebQTest-1282,webqsp,test,under what political system does the united states government operate?,The United States government operates under a federal republic political system.,"['Presidential system', 'Constitutional republic', 'Federal republic']",Tiered-Forest,The United States government operates under a federal republic political system.,True
WebQTest-564,webqsp,test,what is arkansas state capitol?,"The Arkansas State Capitol is the seat of government for the U.S. state of Arkansas, located in Little Rock.",['Little Rock'],Tiered-Forest,"The Arkansas State Capitol is the seat of government for the U.S. state of Arkansas, located in Little Rock.",True
WebQTest-534,webqsp,test,what is the milwaukee brewers mascot?,The Milwaukee Brewers mascot is Bubba the Blue Bopper.,"['Hank', 'Bernie Brewer', 'Bonnie Brewer']",Tiered-Forest,The Milwaukee Brewers mascot is Bubba the Blue Bopper.,False
WebQTest-873,webqsp,test,where does toronto get its water from?,Toronto gets its water primarily from the Lake Ontario and the Highland Creek Water Treatment Plant.,['Ashbridges Bay Wastewater Treatment Plant'],Tiered-Forest,Toronto gets its water primarily from the Lake Ontario and the Highland Creek Water Treatment Plant.,False
WebQTest-918,webqsp,test,who is the king of cambodia now?,The king of Cambodia now is Norodom Sihamoni.,['Norodom Sihamoni'],Tiered-Forest,The king of Cambodia now is Norodom Sihamoni.,True
WebQTest-531,webqsp,test,what style of music does michael jackson perform?,"Michael Jackson performed in a style that blended pop, R&B, rock, and funk.","['New jack swing', 'Contemporary R&B', 'Disco', 'Motown Sound', 'Electronic music', 'Dance-pop', 'Adult contemporary music', 'Funk', 'Post-disco', 'Pop rock', 'Pop music', 'Rock music', 'Rhythm and blues', 'Dance music', 'Soul music']",Tiered-Forest,"Michael Jackson performed in a style that blended pop, R&B, rock, and funk.",True
WebQTest-1323,webqsp,test,what to visit in atlanta?,"Visit the Georgia Aquarium, World of Coca-Cola, and the Martin Luther King Jr. National Historic Site in Atlanta.","['Atlanta Symphony Orchestra', 'Turner Field', 'Cobb Energy Performing Arts Centre', 'Four Seasons Hotel Atlanta', 'Underground Atlanta', 'Atlanta Marriott Marquis', 'Georgia World Congress Center', 'The Tabernacle', 'Peachtree Road Race', 'Georgia Aquarium', 'Georgia Dome', 'Philips Arena', 'Omni Coliseum', 'Hyatt Regency Atlanta', 'Centennial Olympic Park', 'Zoo Atlanta', 'Six Flags Over Georgia', 'Six Flags White Water', 'Atlanta Cyclorama & Civil War Museum', 'Georgia State Capitol', 'World of Coca-Cola', 'CNN Center', 'Fernbank Science Center', 'Fernbank Museum of Natural History', 'Fox Theatre', 'Woodruff Arts Center', 'Margaret Mitchell House & Museum', 'Martin Luther King, Jr. National Historic Site', 'Atlanta History Center', 'Variety Playhouse', 'Jimmy Carter Library and Museum', 'Masquerade', 'Arbor Place Mall', 'Atlanta Ballet', 'Center for Puppetry Arts', 'Atlanta Jewish Film Festival']",Tiered-Forest,"Visit the Georgia Aquarium, World of Coca-Cola, and the Martin Luther King Jr. National Historic Site in Atlanta.",True
WebQTest-1623,webqsp,test,what is the most common language spoken in argentina?,The most common language spoken in Argentina is Spanish.,['Spanish Language'],Tiered-Forest,The most common language spoken in Argentina is Spanish.,False
WebQTest-1088,webqsp,test,who originally voiced meg on family guy?,Meg Griffin on Family Guy was originally voiced by Mila Kunis.,['Lacey Chabert'],Tiered-Forest,Meg Griffin on Family Guy was originally voiced by Mila Kunis.,False
WebQTest-401,webqsp,test,who plays edward scissorhands?,Johnny Depp plays Edward Scissorhands in the film of the same name.,['Johnny Depp'],Tiered-Forest,Johnny Depp plays Edward Scissorhands in the film of the same name.,True
WebQTest-304,webqsp,test,what is jamie oliver children names?,"Jamie Oliver has four children named Mason, Clifford, Lorely Rose, and Ruby Rose.","['Petal Blossom Rainbow Oliver', 'Daisy Boo Pamela Oliver', 'Poppy Honey Rosie Oliver', 'Buddy Bear Maurice Oliver']",Tiered-Forest,"Jamie Oliver has four children named Mason, Clifford, Lorely Rose, and Ruby Rose.",False
WebQTest-276,webqsp,test,where was mission san rafael located?,"Mission San Rafael was located in what is now San Rafael, California.","['94901', 'Marin County']",Tiered-Forest,"Mission San Rafael was located in what is now San Rafael, California.",False
WebQTest-1239,webqsp,test,what is the zip code for concord?,"The primary zip code for Concord, California is 94520.","['94520', '94521', '94519', '94518', '94529', '94527', '94524', '94522']",Tiered-Forest,"The primary zip code for Concord, California is 94520.",True
WebQTest-1495,webqsp,test,where does airtran airways fly?,"AirTran Airways flew to destinations primarily in the southeastern United States, with some routes to other parts of the country and internationally.","['Logan International Airport', 'LaGuardia Airport', 'Philadelphia International Airport', 'Denver International Airport', 'Raleigh–Durham International Airport', 'Baltimore–Washington International Airport']",Tiered-Forest,"AirTran Airways flew to destinations primarily in the southeastern United States, with some routes to other parts of the country and internationally.",False
WebQTest-1080,webqsp,test,where did abraham and his descendants live?,"Abraham and his descendants initially lived in Mesopotamia, specifically in the regions of Ur, Haran, and Canaan.","['Mesopotamia', 'Canaan']",Tiered-Forest,"Abraham and his descendants initially lived in Mesopotamia, specifically in the regions of Ur, Haran, and Canaan.",True
WebQTest-655,webqsp,test,what is the zip code for wyoming michigan?,"The zip code for Wyoming, Michigan varies by area, but some common ones include 49505 and 49519.","['49509', '49519']",Tiered-Forest,"The zip code for Wyoming, Michigan varies by area, but some common ones include 49505 and 49519.",True
WebQTest-344,webqsp,test,what county is west st paul in?,"West St. Paul is in Ramsey County, Minnesota.",['Dakota County'],Tiered-Forest,"West St. Paul is in Ramsey County, Minnesota.",False
WebQTest-1502,webqsp,test,what city and state is yale located in?,"Yale University is located in New Haven, Connecticut.",['New Haven'],Tiered-Forest,"Yale University is located in New Haven, Connecticut.",True
WebQTest-686,webqsp,test,when the atlanta braves won the world series?,The Atlanta Braves won the World Series in 1995 and 2021.,['1995 World Series'],Tiered-Forest,The Atlanta Braves won the World Series in 1995 and 2021.,False
WebQTest-380,webqsp,test,where is mount st helens volcano?,"Mount St. Helens volcano is located in Washington State, United States.","['North America', 'Washington', 'United States of America', 'Cascade Range', 'Skamania County']",Tiered-Forest,"Mount St. Helens volcano is located in Washington State, United States.",True
WebQTest-1201,webqsp,test,who played carlton lassiter on psych?,"Danny Pudi played Carlton Lassiter in the later seasons of Psych, while James Roday portrayed the character throughout the show's run.",['Timothy Omundson'],Tiered-Forest,"Danny Pudi played Carlton Lassiter in the later seasons of Psych, while James Roday portrayed the character throughout the show's run.",False
WebQTest-589,webqsp,test,what russian language called?,"The Russian language is called ""русский язык"" (ruskiy yazyk) in Russian.",['Russian Language'],Tiered-Forest,"The Russian language is called ""русский язык"" (ruskiy yazyk) in Russian.",True
WebQTest-885,webqsp,test,who is sir james dyson?,"Sir James Dyson is a British inventor, industrial designer, and businessman, best known for founding the Dyson company, which designs and manufactures household appliances and other products.","['Designer', 'Industrial designer', 'Inventor', 'Engineer']",Tiered-Forest,"Sir James Dyson is a British inventor, industrial designer, and businessman, best known for founding the Dyson company, which designs and manufactures household appliances and other products.",True
WebQTest-13,webqsp,test,who was vice president after kennedy died?,Lyndon B. Johnson was the Vice President who became President after John F. Kennedy died.,['Lyndon B. Johnson'],Tiered-Forest,Lyndon B. Johnson was the Vice President who became President after John F. Kennedy died.,True
WebQTest-1091,webqsp,test,what type of religions are in the united states?,"The United States has a diverse religious landscape, primarily consisting of:

1.  **Christianity** (the majority, including Protestantism, Catholicism, and other denominations)
2.  **Judaism**
3.  **Islam**
4.  **Buddhism**
5.  **Hinduism**
6.  **Other faiths** (Sikhism, Baha'i, Indigenous traditions, etc.)
7.  **Unaffiliated** (a significant segment identifying as atheist, agnostic, or ""nothing in particular"")","['Christianity', 'Judaism', 'Hinduism', 'Unitarian Universalism', 'Buddhism', 'Islam', 'Atheism']",Tiered-Forest,"The United States has a diverse religious landscape, primarily consisting of:

1.  **Christianity** (the majority, including Protestantism, Catholicism, and other denominations)
2.  **Judaism**
3.  **Islam**
4.  **Buddhism**
5.  **Hinduism**
6.  **Other faiths** (Sikhism, Baha'i, Indigenous traditions, etc.)
7.  **Unaffiliated** (a significant segment identifying as atheist, agnostic, or ""nothing in particular"")",True
WebQTest-239,webqsp,test,where do american bulldogs originate from?,American Bulldogs originate from England but were developed in the United States.,['United States of America'],Tiered-Forest,American Bulldogs originate from England but were developed in the United States.,False
WebQTest-1200,webqsp,test,where did the mississippi river end?,"The Mississippi River ends at the Gulf of Mexico, specifically at its delta in southeastern Louisiana.",['Gulf of Mexico'],Tiered-Forest,"The Mississippi River ends at the Gulf of Mexico, specifically at its delta in southeastern Louisiana.",True
WebQTest-1163,webqsp,test,what rainforest is in south america?,"The Amazon rainforest, the largest tropical rainforest in the world, is primarily located in South America.",['Amazon rainforest'],Tiered-Forest,"The Amazon rainforest, the largest tropical rainforest in the world, is primarily located in South America.",True
WebQTest-1194,webqsp,test,what club does cristiano ronaldo play for in 2010?,"In 2010, Cristiano Ronaldo played for Manchester United.","['Portugal national football team', 'Real Madrid C.F.']",Tiered-Forest,"In 2010, Cristiano Ronaldo played for Manchester United.",False
WebQTest-908,webqsp,test,what awards gary paulsen won?,"Gary Paulsen won numerous awards including the Newbery Medal and Newbery Honor, among others, for his children's literature.","['John Newbery Medal', ""Dorothy Canfield Fisher Children's Book Award"", 'Margaret Edwards Award', 'Spur Award for Best Juvenile Fiction', 'Spur Award for Best Juvenile Nonfiction', ""Anne V. Zarrow Award for Young Readers' Literature"", 'Regina Medal']",Tiered-Forest,"Gary Paulsen won numerous awards including the Newbery Medal and Newbery Honor, among others, for his children's literature.",False
WebQTest-1127,webqsp,test,which country in north america is divided into provinces?,Canada is the country in North America that is divided into provinces.,['Canada'],Tiered-Forest,Canada is the country in North America that is divided into provinces.,True
WebQTest-680,webqsp,test,what team did aguero play for?,Sergio Agüero primarily played for **Manchester City**.,"['Manchester City F.C.', 'Argentina national football team', 'Club Atlético Independiente', 'Atlético Madrid']",Tiered-Forest,Sergio Agüero primarily played for **Manchester City**.,False
WebQTest-1336,webqsp,test,what is utah's state capitol?,Utah's state capitol is located in Salt Lake City.,['Salt Lake City'],Tiered-Forest,Utah's state capitol is located in Salt Lake City.,True
WebQTest-157,webqsp,test,where is mission san buenaventura located?,"Mission San Buenaventura is located in Ventura, California.","['93001', 'Ventura County']",Tiered-Forest,"Mission San Buenaventura is located in Ventura, California.",False
WebQTest-1062,webqsp,test,what is the name of the currency used in italy?,The currency used in Italy is the Euro.,['Euro'],Tiered-Forest,The currency used in Italy is the Euro.,True
WebQTest-525,webqsp,test,who are the senators of virginia 2013?,"In 2013, the senators of Virginia were Mark Warner and Tim Kaine.","['Mark Warner', 'Tim Kaine', 'Jim Webb']",Tiered-Forest,"In 2013, the senators of Virginia were Mark Warner and Tim Kaine.",True
WebQTest-145,webqsp,test,what college did albert einstein go to?,Albert Einstein attended the Swiss Federal Polytechnic School (now ETH Zurich) in Zurich for his undergraduate studies and later earned his doctorate from the University of Zurich.,"['ETH Zurich', 'University of Zurich']",Tiered-Forest,Albert Einstein attended the Swiss Federal Polytechnic School (now ETH Zurich) in Zurich for his undergraduate studies and later earned his doctorate from the University of Zurich.,True
WebQTest-778,webqsp,test,what was jesse owens education?,"Jesse Owens attended Oakville Grade School and East Technical High School. He did not earn a high school diploma, but his athletic talent led him to Ohio State University, where he attended college.","['Ohio State University', 'East Technical High School']",Tiered-Forest,"Jesse Owens attended Oakville Grade School and East Technical High School. He did not earn a high school diploma, but his athletic talent led him to Ohio State University, where he attended college.",True
WebQTest-1178,webqsp,test,where is tupac from originally?,"Tupac Shakur was originally from East Harlem, New York City.",['East Harlem'],Tiered-Forest,"Tupac Shakur was originally from East Harlem, New York City.",True
WebQTest-791,webqsp,test,what other books did louis sachar write?,"Louis Sachar wrote ""Holes,"" ""Sideways Stories from Wayside School,"" and the ""Marvin Redpost"" series. The titles ""Freaks of Nature"" and ""Toothland: Kingdom of the Teeth"" are not his works.","['Small Steps', 'Someday Angeline', 'Sixth Grade Secrets', 'Holes', ""Johnny's in the basement"", 'Marvin Redpost', 'Wayside School gets a little stranger', 'Class President (A Stepping Stone Book(TM))', 'A magic crystal?', 'Der Fluch des David Ballinger. ( Ab 11 J.).', 'Sixth Grade Secrets (Apple Paperbacks)', 'Wayside School is falling down', ""There's a boy in the girls bathroom"", 'Kidnapped at Birth? (A Stepping Stone Book(TM))', 'The Boy Who Lost His Face', 'Il y a un garçon dans les toilettes des filles', 'A Flying Birthday Cake? (A Stepping Stone Book(TM))', 'Why Pick on Me? (A Stepping Stone Book(TM))', 'Sideways stories from Wayside School', 'Wayside School Boxed Set', ""Stanley Yelnats' Survival Guide to Camp Green Lake"", 'Super Fast, Out of Control! (A Stepping Stone Book(TM))', 'Holes Activity Pack', 'Löcher', ""Dogs Don't Tell Jokes"", 'Sideways Arithmetic From Wayside School', 'Small Steps (Readers Circle)', 'Someday Angeline (Avon/Camelot Book)', 'More Sideways Arithmetic from Wayside School', 'Stanley Yelnats Survival Guide to Camp Green Lake', 'Boy Who Lost His Face', 'Wayside School Gets a Little Stranger (rack) (Wayside School)', 'Marvin Redpost.', 'Wayside School is falling down (Celebrate reading, Scott Foresman)', 'Holes (Yearling Books)', 'Holes (with \\""Connections\\"") HRW Library (HRW library)', 'Holes. (Lernmaterialien)', 'Holes (Cascades)', 'Holes (Readers Circle)', 'Holes (World Book Day 2001)', 'Holes (Listening Library)', 'Sixth Grade Secrets (An Apple Paperback)', 'g.1218f5g0', 'Kidnapped at Birth?', 'A Flying Birthday Cake?', 'Class President', 'Why Pick on Me?', 'Wayside School Collection', 'Super Fast, Out of Control!', ""Alone in His Teacher's House"", 'Pequenos Pasos/ Small Steps', 'Louis Sacher Collection', 'Hoyos/Holes', 'Hay Un Chico En El Bano De Las Chicas', 'Monkey soup', ""There's a Boy in the Girls' Bathroom"", 'The Cardturner']",Tiered-Forest,"Louis Sachar wrote ""Holes,"" ""Sideways Stories from Wayside School,"" and the ""Marvin Redpost"" series. The titles ""Freaks of Nature"" and ""Toothland: Kingdom of the Teeth"" are not his works.",True
WebQTest-820,webqsp,test,what are the names of harry potter movies in order?,"The Harry Potter movies in order of release are: Harry Potter and the Philosopher's Stone, Harry Potter and the Chamber of Secrets, Harry Potter and the Prisoner of Azkaban, Harry Potter and the Goblet of Fire, Harry Potter","['Harry Potter and the Deathly Hallows - Part I', ""Harry Potter and the Philosopher's Stone"", 'Harry Potter and the Chamber of Secrets', 'Harry Potter and the Prisoner of Azkaban', 'Harry Potter and the Goblet of Fire', 'Harry Potter and the Order of the Phoenix', 'Harry Potter and the Half-Blood Prince', 'Harry Potter and the Deathly Hallows – Part 2']",Tiered-Forest,"The Harry Potter movies in order of release are: Harry Potter and the Philosopher's Stone, Harry Potter and the Chamber of Secrets, Harry Potter and the Prisoner of Azkaban, Harry Potter and the Goblet of Fire, Harry Potter",True
WebQTest-41,webqsp,test,where is the galapagos islands located on a world map?,The Galapagos Islands are located off the western coast of Ecuador in the Pacific Ocean.,"['Ecuador', 'Galápagos Province', 'Pacific Ocean']",Tiered-Forest,The Galapagos Islands are located off the western coast of Ecuador in the Pacific Ocean.,True
WebQTest-775,webqsp,test,what to do this weekend in manchester with kids?,"For a family-friendly weekend in Manchester, consider:

1. **Manchester Museum** — Dinosaurs, mummies, and interactive exhibits.
2. **Science and Industry Museum** — Hands-on experiments and historic machinery.
3. **The Lowry** — Catch a family show or explore free art galleries.

All are popular, kid-focused, and indoors (useful for Manchester weather).","['Imperial War Museum North', 'Urbis', 'Old Trafford', 'Whitworth Art Gallery', 'Manchester Art Gallery', 'Manchester Museum', 'Manchester Jewish Museum', 'Great Manchester Run', 'Chinatown, Manchester', 'Manchester Cathedral', 'The Moon Under Water, Manchester', 'Wheel of Manchester', 'Albert Hall, Manchester']",Tiered-Forest,"For a family-friendly weekend in Manchester, consider:

1. **Manchester Museum** — Dinosaurs, mummies, and interactive exhibits.
2. **Science and Industry Museum** — Hands-on experiments and historic machinery.
3. **The Lowry** — Catch a family show or explore free art galleries.

All are popular, kid-focused, and indoors (useful for Manchester weather).",True
WebQTest-2017,webqsp,test,what party was abe lincoln part of?,Abe Lincoln was a member of the Republican Party.,"['Republican Party', 'Whig Party', 'National Union Party', 'Illinois Republican Party']",Tiered-Forest,Abe Lincoln was a member of the Republican Party.,True
WebQTest-1426,webqsp,test,where is ibrahim afellay from?,Ibrahim Afellay is from Netherlands.,['Utrecht'],Tiered-Forest,Ibrahim Afellay is from Netherlands.,False
WebQTest-220,webqsp,test,what language turkey people speak?,Turks in Turkey primarily speak Turkish.,"['Turkish Language', 'Zaza language', 'Ladino Language', 'Kurdish languages', 'Arabic Language']",Tiered-Forest,Turks in Turkey primarily speak Turkish.,False
WebQTest-859,webqsp,test,what are the predominant religions in russia?,The predominant religion in Russia is Eastern Orthodox Christianity.,"['Russian Orthodox Church', 'Islam']",Tiered-Forest,The predominant religion in Russia is Eastern Orthodox Christianity.,False
WebQTest-996,webqsp,test,where do ireland play rugby union?,"Ireland play their rugby union home matches at various stadiums, with the Aviva Stadium in Dublin being the primary venue.",['Aviva Stadium'],Tiered-Forest,"Ireland play their rugby union home matches at various stadiums, with the Aviva Stadium in Dublin being the primary venue.",True
WebQTest-821,webqsp,test,what did pamela courson die from?,Pamela Courson died from kidney failure complications.,"['Drug overdose', 'Heroin overdose']",Tiered-Forest,Pamela Courson died from kidney failure complications.,False
WebQTest-371,webqsp,test,what are the major languages spoken in greece?,"Greek is the major language spoken in Greece, with some regional dialects and minority languages also present.",['Greek Language'],Tiered-Forest,"Greek is the major language spoken in Greece, with some regional dialects and minority languages also present.",False
