name,accuracy,tokens,cost,latency,details,dataset
ToG,0.3333333333333333,4611,0.019188000000000004,1.5066246859232584,"[{'dataset': 'MetaQA', 'question_id': 0, 'correct': False, 'prediction': 'Based on the context of directors and actors assoc...'}, {'dataset': 'MetaQA', 'question_id': 0, 'correct': True, 'prediction': 'Based on the context provided, Joe Thomas appears ...'}, {'dataset': 'MetaQA', 'question_id': 0, 'correct': False, 'prediction': 'Based on the context provided, Michelle Trachtenbe...'}, {'dataset': 'MetaQA', 'question_id': 0, 'correct': True, 'prediction': 'Based on the context provided, Helen Mack starred ...'}, {'dataset': 'MetaQA', 'question_id': 0, 'correct': True, 'prediction': 'Based on the context provided, the film Shahid Kap...'}, {'dataset': 'MetaQA', 'question_id': 0, 'correct': False, 'prediction': 'Based on the names provided, it is not possible to...'}, {'dataset': 'MetaQA', 'question_id': 0, 'correct': False, 'prediction': 'Based on the available context, Paresh Rawal appea...'}, {'dataset': 'MetaQA', 'question_id': 0, 'correct': False, 'prediction': 'Based on the context, Doug Collins is an actor, so...'}, {'dataset': 'MetaQA', 'question_id': 0, 'correct': True, 'prediction': 'Based on the context provided, Brigitte Nielsen ap...'}, {'dataset': 'MetaQA', 'question_id': 0, 'correct': False, 'prediction': 'Based on the context provided, Mona McKinnon appea...'}, {'dataset': 'MetaQA', 'question_id': 0, 'correct': True, 'prediction': 'Based on the context provided (which references he...'}, {'dataset': 'MetaQA', 'question_id': 0, 'correct': False, 'prediction': 'Based on the context provided, Brian Backer appear...'}, {'dataset': 'MetaQA', 'question_id': 0, 'correct': False, 'prediction': 'Based on IMDb, William Atherton is known for appea...'}, {'dataset': 'MetaQA', 'question_id': 0, 'correct': False, 'prediction': 'Based on the context provided, Jeremy Piven is bes...'}, {'dataset': 'MetaQA', 'question_id': 0, 'correct': False, 'prediction': 'Roger Bart has starred in numerous films, includin...'}]",MetaQA
FrugalGPT,0.2,5212,0.024479,4.23675377368927,"[{'dataset': 'MetaQA', 'question_id': 0, 'correct': False, 'prediction': 'Grégoire Colin is a prolific French actor with a l...'}, {'dataset': 'MetaQA', 'question_id': 0, 'correct': True, 'prediction': 'Joe Thomas is a British actor best known for his r...'}, {'dataset': 'MetaQA', 'question_id': 0, 'correct': True, 'prediction': 'Michelle Trachtenberg has starred in numerous film...'}, {'dataset': 'MetaQA', 'question_id': 0, 'correct': False, 'prediction': 'Helen Mack is a Guatemalan human rights activist a...'}, {'dataset': 'MetaQA', 'question_id': 0, 'correct': False, 'prediction': ""Shahid Kapoor is one of Bollywood's most prominent...""}, {'dataset': 'MetaQA', 'question_id': 0, 'correct': False, 'prediction': 'Brendan Gleeson has appeared in a vast number of f...'}, {'dataset': 'MetaQA', 'question_id': 0, 'correct': False, 'prediction': 'Paresh Rawal is a prolific Indian actor with a car...'}, {'dataset': 'MetaQA', 'question_id': 0, 'correct': False, 'prediction': 'Doug Collins is primarily known as a **former prof...'}, {'dataset': 'MetaQA', 'question_id': 0, 'correct': True, 'prediction': 'Brigitte Nielsen has appeared in numerous films si...'}, {'dataset': 'MetaQA', 'question_id': 0, 'correct': False, 'prediction': 'Mona McKinnon is best known for her role as **Elle...'}, {'dataset': 'MetaQA', 'question_id': 0, 'correct': False, 'prediction': 'Christina Ricci is a prolific actress with a caree...'}, {'dataset': 'MetaQA', 'question_id': 0, 'correct': False, 'prediction': 'Brian Backer is best known for his role as **Mark ...'}, {'dataset': 'MetaQA', 'question_id': 0, 'correct': False, 'prediction': 'William Atherton is a prolific American character ...'}, {'dataset': 'MetaQA', 'question_id': 0, 'correct': False, 'prediction': 'Jeremy Piven is an American actor best known for p...'}, {'dataset': 'MetaQA', 'question_id': 0, 'correct': False, 'prediction': 'Roger Bart is an American actor known for his work...'}]",MetaQA
Tiered-Forest,0.0,558,0.002916,1.3985491911570231,"[{'dataset': 'MetaQA', 'question_id': 0, 'correct': False, 'prediction': 'Grégoire Colin is best known internationally for h...'}, {'dataset': 'MetaQA', 'question_id': 0, 'correct': False, 'prediction': 'Joe Thomas, the British actor known for *The Inbet...'}, {'dataset': 'MetaQA', 'question_id': 0, 'correct': False, 'prediction': 'Michelle Trachtenberg is best known for her roles ...'}, {'dataset': 'MetaQA', 'question_id': 0, 'correct': False, 'prediction': 'Helen Mack is best known for starring in the 1934 ...'}, {'dataset': 'MetaQA', 'question_id': 0, 'correct': False, 'prediction': 'Shahid Kapoor has acted in numerous films. Some of...'}, {'dataset': 'MetaQA', 'question_id': 0, 'correct': False, 'prediction': 'Brendan Gleeson has appeared in numerous films. So...'}, {'dataset': 'MetaQA', 'question_id': 0, 'correct': False, 'prediction': 'Paresh Rawal is a prolific Indian actor known for ...'}, {'dataset': 'MetaQA', 'question_id': 0, 'correct': False, 'prediction': 'Doug Collins is best known as a former NBA player ...'}, {'dataset': 'MetaQA', 'question_id': 0, 'correct': False, 'prediction': 'Brigitte Nielsen is best known for her roles in:\n\n...'}, {'dataset': 'MetaQA', 'question_id': 0, 'correct': False, 'prediction': 'Mona McKinnon appears in **two** films:\n\n1. **""Pla...'}, {'dataset': 'MetaQA', 'question_id': 0, 'correct': False, 'prediction': 'Christina Ricci is known for many films, but some ...'}, {'dataset': 'MetaQA', 'question_id': 0, 'correct': False, 'prediction': 'Brian Backer is best known for his role as **Mark ...'}, {'dataset': 'MetaQA', 'question_id': 0, 'correct': False, 'prediction': 'William Atherton is best known for playing memorab...'}, {'dataset': 'MetaQA', 'question_id': 0, 'correct': False, 'prediction': 'Jeremy Piven is best known for playing **Ari Gold*...'}, {'dataset': 'MetaQA', 'question_id': 0, 'correct': False, 'prediction': 'Roger Bart is known for roles in films like:\n\n- **...'}]",MetaQA
ToG,0.6666666666666666,4281,0.017208,1.4785377025604247,"[{'dataset': 'WebQSP', 'question_id': 0, 'correct': False, 'prediction': 'Jamaican people primarily speak **Jamaican Patois ...'}, {'dataset': 'WebQSP', 'question_id': 0, 'correct': False, 'prediction': 'Before becoming president, James K. Polk served as...'}, {'dataset': 'WebQSP', 'question_id': 0, 'correct': True, 'prediction': 'William Roache plays Ken Barlow in Coronation Stre...'}, {'dataset': 'WebQSP', 'question_id': 0, 'correct': True, 'prediction': 'JaMarcus Russell is from Mobile, Alabama....'}, {'dataset': 'WebQSP', 'question_id': 0, 'correct': True, 'prediction': 'George Washington Carver was born into slavery in ...'}, {'dataset': 'WebQSP', 'question_id': 0, 'correct': True, 'prediction': 'Based on the context provided, Benjamin Franklin a...'}, {'dataset': 'WebQSP', 'question_id': 0, 'correct': False, 'prediction': 'Richard Nixon was married to **Patricia Ryan Nixon...'}, {'dataset': 'WebQSP', 'question_id': 0, 'correct': True, 'prediction': 'Based on the context provided, the governor of Ohi...'}, {'dataset': 'WebQSP', 'question_id': 0, 'correct': True, 'prediction': 'After President John F. Kennedy died, the vice pre...'}, {'dataset': 'WebQSP', 'question_id': 0, 'correct': True, 'prediction': 'Based on the provided context, the Fukushima Daiic...'}, {'dataset': 'WebQSP', 'question_id': 0, 'correct': True, 'prediction': 'The United Kingdom (UK) is made up of four countri...'}, {'dataset': 'WebQSP', 'question_id': 0, 'correct': True, 'prediction': 'Louisiana is in the **Central Time Zone (CT)**.\n\nT...'}, {'dataset': 'WebQSP', 'question_id': 0, 'correct': True, 'prediction': 'Saint Augustine of Hippo was a theologian and phil...'}, {'dataset': 'WebQSP', 'question_id': 0, 'correct': False, 'prediction': 'Based on the names provided in the context, Keyshi...'}, {'dataset': 'WebQSP', 'question_id': 0, 'correct': False, 'prediction': 'Based on the context provided, Egypt has a **unita...'}]",WebQSP
FrugalGPT,0.6,3621,0.0140286,3.0918996810913084,"[{'dataset': 'WebQSP', 'question_id': 0, 'correct': False, 'prediction': 'Excellent question! The linguistic situation in Ja...'}, {'dataset': 'WebQSP', 'question_id': 0, 'correct': False, 'prediction': 'Before becoming the 11th President of the United S...'}, {'dataset': 'WebQSP', 'question_id': 0, 'correct': False, 'prediction': 'Ken Barlow in Coronation Street is played by Jack ...'}, {'dataset': 'WebQSP', 'question_id': 0, 'correct': True, 'prediction': 'Jamarcus Russell is from **Mobile, Alabama, USA**....'}, {'dataset': 'WebQSP', 'question_id': 0, 'correct': True, 'prediction': 'George Washington Carver was born into slavery in ...'}, {'dataset': 'WebQSP', 'question_id': 0, 'correct': True, 'prediction': 'Of course! While Benjamin Franklin is most famous ...'}, {'dataset': 'WebQSP', 'question_id': 0, 'correct': True, 'prediction': 'Richard Nixon was married to Pat Bridget Ryan. The...'}, {'dataset': 'WebQSP', 'question_id': 0, 'correct': True, 'prediction': 'The Governor of Ohio in 2011 was John Kasich. He s...'}, {'dataset': 'WebQSP', 'question_id': 0, 'correct': True, 'prediction': 'John F. Kennedy was assassinated on November 22, 1...'}, {'dataset': 'WebQSP', 'question_id': 0, 'correct': True, 'prediction': 'The Fukushima Daiichi Nuclear Power Plant is locat...'}, {'dataset': 'WebQSP', 'question_id': 0, 'correct': True, 'prediction': 'The United Kingdom (UK) is a sovereign country mad...'}, {'dataset': 'WebQSP', 'question_id': 0, 'correct': True, 'prediction': 'Louisiana is in the **Central Time Zone (CT)**.\n\n*...'}, {'dataset': 'WebQSP', 'question_id': 0, 'correct': False, 'prediction': 'Saint Augustine of Hippo (354–430 AD) was one of t...'}, {'dataset': 'WebQSP', 'question_id': 0, 'correct': False, 'prediction': ""Keyshia Cole's father is Rev. Larry Ray Cole. He w...""}, {'dataset': 'WebQSP', 'question_id': 0, 'correct': False, 'prediction': 'Egypt operates as a **presidential republic** with...'}]",WebQSP
Tiered-Forest,0.6666666666666666,752,0.004450000000000001,1.7463610619306564,"[{'dataset': 'WebQSP', 'question_id': 0, 'correct': True, 'prediction': 'Jamaicans primarily speak **Jamaican English** (th...'}, {'dataset': 'WebQSP', 'question_id': 0, 'correct': False, 'prediction': 'Before becoming president, James K. Polk served as...'}, {'dataset': 'WebQSP', 'question_id': 0, 'correct': True, 'prediction': 'William Roache has played Ken Barlow in Coronation...'}, {'dataset': 'WebQSP', 'question_id': 0, 'correct': True, 'prediction': 'Jamarcus Russell is from **Mobile, Alabama**....'}, {'dataset': 'WebQSP', 'question_id': 0, 'correct': True, 'prediction': 'George Washington Carver was born into slavery in ...'}, {'dataset': 'WebQSP', 'question_id': 0, 'correct': True, 'prediction': 'Of course. While Benjamin Franklin is most famous ...'}, {'dataset': 'WebQSP', 'question_id': 0, 'correct': False, 'prediction': 'Richard Nixon was married to **Patricia ""Pat"" Nixo...'}, {'dataset': 'WebQSP', 'question_id': 0, 'correct': True, 'prediction': 'In 2011, the Governor of Ohio was **John Kasich**....'}, {'dataset': 'WebQSP', 'question_id': 0, 'correct': True, 'prediction': ""Lyndon B. Johnson became president after Kennedy's...""}, {'dataset': 'WebQSP', 'question_id': 0, 'correct': True, 'prediction': 'The Fukushima Daiichi Nuclear Power Plant is locat...'}, {'dataset': 'WebQSP', 'question_id': 0, 'correct': False, 'prediction': 'The United Kingdom (UK) is a sovereign country mad...'}, {'dataset': 'WebQSP', 'question_id': 0, 'correct': True, 'prediction': 'Louisiana is in the **Central Time Zone (CT)**.  \n...'}, {'dataset': 'WebQSP', 'question_id': 0, 'correct': True, 'prediction': 'St. Augustine of Hippo (354–430 AD) was a theologi...'}, {'dataset': 'WebQSP', 'question_id': 0, 'correct': False, 'prediction': ""Keyshia Cole's biological father is Virgil Hunter,...""}, {'dataset': 'WebQSP', 'question_id': 0, 'correct': False, 'prediction': 'Egypt is a **unitary semi-presidential republic** ...'}]",WebQSP
ToG,0.5333333333333333,7830,0.035921999999999996,2.1747066656748455,"[{'dataset': 'Logistics', 'question_id': 0, 'correct': False, 'prediction': 'Based on the provided parameters for a logistic re...'}, {'dataset': 'Logistics', 'question_id': 0, 'correct': False, 'prediction': 'Based on the provided inputs and the context of a ...'}, {'dataset': 'Logistics', 'question_id': 0, 'correct': True, 'prediction': 'Based on the provided inputs and the context of a ...'}, {'dataset': 'Logistics', 'question_id': 0, 'correct': False, 'prediction': ""Let's break this down.  \n\n**1. Understanding the i...""}, {'dataset': 'Logistics', 'question_id': 0, 'correct': False, 'prediction': 'Let’s break this down step by step.  \n\n**1. Unders...'}, {'dataset': 'Logistics', 'question_id': 0, 'correct': True, 'prediction': 'Based on the provided inputs and the context of a ...'}, {'dataset': 'Logistics', 'question_id': 0, 'correct': True, 'prediction': 'Based on the provided numerical values and the con...'}, {'dataset': 'Logistics', 'question_id': 0, 'correct': True, 'prediction': 'Based on the provided inputs and the typical logic...'}, {'dataset': 'Logistics', 'question_id': 0, 'correct': True, 'prediction': 'Based on the provided inputs and the context of a ...'}, {'dataset': 'Logistics', 'question_id': 0, 'correct': True, 'prediction': 'Based on the provided context, the shipment would ...'}, {'dataset': 'Logistics', 'question_id': 0, 'correct': True, 'prediction': 'Based on the provided inputs and the typical logic...'}, {'dataset': 'Logistics', 'question_id': 0, 'correct': False, 'prediction': 'Based on the typical structure of a shipment risk ...'}, {'dataset': 'Logistics', 'question_id': 0, 'correct': True, 'prediction': 'Based on the provided context of a **Logistic Regr...'}, {'dataset': 'Logistics', 'question_id': 0, 'correct': False, 'prediction': 'Based on the provided context of machine learning ...'}, {'dataset': 'Logistics', 'question_id': 0, 'correct': False, 'prediction': 'Based on the provided context of a **Logistic Regr...'}]",Logistics
FrugalGPT,0.26666666666666666,5970,0.025539000000000013,3.924949876467387,"[{'dataset': 'Logistics', 'question_id': 0, 'correct': False, 'prediction': 'Let’s break this down.\n\nFrom your question, it loo...'}, {'dataset': 'Logistics', 'question_id': 0, 'correct': False, 'prediction': ""Let's break this down step by step.  \n\n---\n\n**1. U...""}, {'dataset': 'Logistics', 'question_id': 0, 'correct': False, 'prediction': 'Let’s break this down step by step.  \n\nWe have thr...'}, {'dataset': 'Logistics', 'question_id': 0, 'correct': False, 'prediction': 'Let’s break this down.  \n\nYou’ve provided:  \n\n- **...'}, {'dataset': 'Logistics', 'question_id': 0, 'correct': False, 'prediction': 'Let’s break this down step by step.\n\n---\n\n**Step 1...'}, {'dataset': 'Logistics', 'question_id': 0, 'correct': False, 'prediction': 'Let’s break this down.  \n\nFrom your question, it l...'}, {'dataset': 'Logistics', 'question_id': 0, 'correct': True, 'prediction': 'Let’s break this down.  \n\nYou’ve given three varia...'}, {'dataset': 'Logistics', 'question_id': 0, 'correct': True, 'prediction': 'Let’s break this down.  \n\nWe have:  \n- **Weather s...'}, {'dataset': 'Logistics', 'question_id': 0, 'correct': True, 'prediction': 'Let’s break this down step by step.  \n\nWe are give...'}, {'dataset': 'Logistics', 'question_id': 0, 'correct': False, 'prediction': 'Let’s break this down.  \n\nWe have three risk facto...'}, {'dataset': 'Logistics', 'question_id': 0, 'correct': True, 'prediction': ""Let's break this down.  \n\nFrom your question, it l...""}, {'dataset': 'Logistics', 'question_id': 0, 'correct': False, 'prediction': 'Let’s break this down.  \n\nYou’ve given:  \n\n- **Wea...'}, {'dataset': 'Logistics', 'question_id': 0, 'correct': False, 'prediction': 'Let’s break this down step by step.  \n\n---\n\n## **1...'}, {'dataset': 'Logistics', 'question_id': 0, 'correct': False, 'prediction': 'Let’s break this down.\n\n---\n\n**Step 1: Understandi...'}, {'dataset': 'Logistics', 'question_id': 0, 'correct': False, 'prediction': 'Let’s break this down.  \n\nYou’ve given three varia...'}]",Logistics
Tiered-Forest,0.13333333333333333,2492,0.015064000000000004,2.9725796309384434,"[{'dataset': 'Logistics', 'question_id': 0, 'correct': False, 'prediction': 'Based on the given values:  \n\n- **Weather severity...'}, {'dataset': 'Logistics', 'question_id': 0, 'correct': False, 'prediction': 'Based on the given values:  \n\n- Weather severity =...'}, {'dataset': 'Logistics', 'question_id': 0, 'correct': False, 'prediction': ""Alright, let's go step-by-step.\n\n---\n\n**Step 1: Un...""}, {'dataset': 'Logistics', 'question_id': 0, 'correct': False, 'prediction': 'Based on the given values:  \n\n- **Weather severity...'}, {'dataset': 'Logistics', 'question_id': 0, 'correct': False, 'prediction': 'High Risk...'}, {'dataset': 'Logistics', 'question_id': 0, 'correct': False, 'prediction': 'Alright, let’s break this down step-by-step.  \n\n--...'}, {'dataset': 'Logistics', 'question_id': 0, 'correct': False, 'prediction': 'Based on the typical risk classification model imp...'}, {'dataset': 'Logistics', 'question_id': 0, 'correct': True, 'prediction': 'Based on the given values:  \n\n- Weather severity *...'}, {'dataset': 'Logistics', 'question_id': 0, 'correct': False, 'prediction': 'Alright, let’s go step by step.\n\n---\n\n## **Step 1:...'}, {'dataset': 'Logistics', 'question_id': 0, 'correct': True, 'prediction': ""Alright, let's go step-by-step.\n\n---\n\n## **Step 1:...""}, {'dataset': 'Logistics', 'question_id': 0, 'correct': False, 'prediction': 'Based on the given values:  \n\n- Weather severity =...'}, {'dataset': 'Logistics', 'question_id': 0, 'correct': False, 'prediction': 'Based on the given values:  \n\n- **Weather severity...'}, {'dataset': 'Logistics', 'question_id': 0, 'correct': False, 'prediction': 'Alright, let’s go step-by-step.\n\n---\n\n**Step 1: Un...'}, {'dataset': 'Logistics', 'question_id': 0, 'correct': False, 'prediction': 'Alright, let’s go step by step.  \n\n---\n\n## **Step ...'}, {'dataset': 'Logistics', 'question_id': 0, 'correct': False, 'prediction': ""Alright, let's go step-by-step.\n\n---\n\n## **Step 1:...""}]",Logistics
