experiment,model_name,accuracy,total_samples,correct_count,total_tokens,cost_usd,latency_total,latency_breakdown,routing_distribution,tier_calls,tier_tokens,tier1_recall,tier1_precision,tier1_hit_rate,threshold_adjustments,details,dataset,variant
A3_MetaQA,A3_NoDynamic,0.0,15,0,1337,0.0002674,4.456588506698608,"{'tier1': {'mean': 6.7551930745442706e-06, 'total': 0.00010132789611816406, 'count': 15, 'min': 9.5367431640625e-07, 'max': 6.29425048828125e-05}, 'candidate_gen': {'mean': 4.378050454457601, 'total': 65.67075681686401, 'count': 15, 'min': 0.33910417556762695, 'max': 52.692668199539185}, 'tier2': {'mean': 0.0785130500793457, 'total': 1.1776957511901855, 'count': 15, 'min': 0.014390945434570312, 'max': 0.3360731601715088}, 'total': {'mean': 4.456588506698608, 'total': 66.84882760047913, 'count': 15, 'min': 0.386523962020874, 'max': 52.96461272239685}}",{'fast_pass': 1.0},"{'tier1': 15, 'tier2': 15, 'tier3': 0}","{'tier1': 0, 'tier2': 0, 'tier3': 0, 'candidate_gen': 0}",0.0,0.0,0.0,0,"[{'question': 'what does [Grégoire Colin] appear in', 'ground_truth': 'Before the Rain', 'prediction': 'Grégoire Colin is an actor known for his appearances in various French television series and films. ', 'correct': False}, {'question': '[Joe Thomas] appears in which movies', 'ground_truth': 'The Inbetweeners Movie', 'prediction': 'Joe Thomas appears in the movies ""Love and Other Catastrophes"" (2014) and ""The UserController"" (2016', 'correct': False}, {'question': 'what films did [Michelle Trachtenberg] star in', 'ground_truth': 'Inspector Gadget', 'prediction': 'Michelle Trachtenberg starred in films such as ""Hthesize"" (2005), ""Hairspray"" (2007), and ""As Good A', 'correct': False}, {'question': 'what does [Helen Mack] star in', 'ground_truth': 'The Son of Kong', 'prediction': 'Helen Mack stars in the television series ""Severance,"" where she plays the character of Annika Blake', 'correct': False}, {'question': 'what films did [Shahid Kapoor] act in', 'ground_truth': 'Haider', 'prediction': 'Shahid Kapoor has acted in numerous films across various genres. Notable films include ""Fanaa"" (2004', 'correct': False}, {'question': '[Brendan Gleeson] appears in which movies', 'ground_truth': 'The Raven', 'prediction': 'Brendan Gleeson appears in a variety of movies, including ""Braveheart,"" ""In the Name of the Father,""', 'correct': False}, {'question': 'what films does [Paresh Rawal] appear in', 'ground_truth': 'Table No. 21', 'prediction': 'Paresh Rawal appears in several Indian films, including ""Jungle Book: Origins,"" ""Sultan,"" and ""Raees', 'correct': False}, {'question': 'what does [Doug Collins] star in', 'ground_truth': 'Michael Jordan to the Max', 'prediction': 'Doug Collins is primarily known as a basketball coach and sportscaster, not an actor. He has appeare', 'correct': False}, {'question': 'what films does [Brigitte Nielsen] appear in', 'ground_truth': 'Cobra', 'prediction': 'Brigitte Nielsen has appeared in several films, including "" Top Gun"" (1986) where she played Venus, ', 'correct': False}, {'question': '[Mona McKinnon] appears in which movies', 'ground_truth': 'Plan 9 from Outer Space', 'prediction': 'Mona McKinnon appears in the movie ""Scary Movie 4"" (2011).', 'correct': False}, {'question': 'what films did [Christina Ricci] act in', 'ground_truth': 'Sleepy Hollow', 'prediction': 'Christina Ricci starred in films such as ""-rounded cornersuggage"", ""The Addams Family"" series, ""Moza', 'correct': False}, {'question': '[Brian Backer] appears in which movies', 'ground_truth': 'Moving Violations', 'prediction': 'Based on the available information, Brian Backer appears in the movies ""аде thing begins"" (2015) and', 'correct': False}, {'question': 'what films does [William Atherton] appear in', 'ground_truth': 'Die Hard 2', 'prediction': 'William Atherton appears in films such as ""Bête noire"" (1981), ""Sleuth"" (1972), and ""Gandhi"" (1982).', 'correct': False}, {'question': 'what does [Jeremy Piven] act in', 'ground_truth': 'So Undercover', 'prediction': 'Jeremy Piven is an actor who has appeared in various TV shows and films. Some of his notable roles i', 'correct': False}, {'question': 'what films did [Roger Bart] star in', 'ground_truth': 'Excision', 'prediction': 'Roger Bart starred in films such as ""Dynamic Doe"" (2001) and ""The Expendable Man"" (2008). He is more', 'correct': False}]",MetaQA,A3
A3_WebQSP,A3_NoDynamic,0.5333333333333333,15,8,1182,0.0018306000000000002,1.3690216064453125,"{'tier1': {'mean': 3.0358632405598956e-06, 'total': 4.553794860839844e-05, 'count': 15, 'min': 1.9073486328125e-06, 'max': 7.152557373046875e-06}, 'candidate_gen': {'mean': 0.8098955313364665, 'total': 12.148432970046997, 'count': 15, 'min': 0.2272639274597168, 'max': 1.7227609157562256}, 'tier2': {'mean': 0.053344074885050455, 'total': 0.8001611232757568, 'count': 15, 'min': 0.007177114486694336, 'max': 0.12444901466369629}, 'total': {'mean': 1.3690216064453125, 'total': 20.535324096679688, 'count': 15, 'min': 0.25865888595581055, 'max': 8.821962356567383}, 'tier3': {'mean': 7.586526870727539, 'total': 7.586526870727539, 'count': 1, 'min': 7.586526870727539, 'max': 7.586526870727539}}","{'escalate': 0.06666666666666667, 'fast_pass': 0.9333333333333333}","{'tier1': 15, 'tier2': 15, 'tier3': 1}","{'tier1': 0, 'tier2': 0, 'tier3': 0, 'candidate_gen': 0}",0.0,0.0,0.0,0,"[{'question': 'what does jamaican people speak?', 'ground_truth': 'Jamaican English', 'prediction': 'Jamaican people primarily speak Jamaican Patois and English.', 'correct': False}, {'question': 'what did james k polk do before he was president?', 'ground_truth': 'United States Representative', 'prediction': 'Before becoming president, James K. Polk served as the 10th Governor of Tennessee from 1839 to 1841,', 'correct': False}, {'question': 'who plays ken barlow in coronation street?', 'ground_truth': 'William Roache', 'prediction': 'Ken Barlow in Coronation Street is played by Richard Kroon.', 'correct': False}, {'question': 'where is jamarcus russell from?', 'ground_truth': 'Mobile', 'prediction': 'Jamarcus Russell is from Prairie Heights, Bastrop, Louisiana.', 'correct': False}, {'question': 'where was george washington carver from?', 'ground_truth': 'Diamond', 'prediction': 'George Washington Carver was from Missouri, specifically he was born in Diamond Grove, Missouri.', 'correct': True}, {'question': 'what else did ben franklin invent?', 'ground_truth': 'Lightning rod', 'prediction': 'Ben Franklin invented or improved various things, including the lightning rod, bifocal glasses, and ', 'correct': True}, {'question': 'who was richard nixon married to?', 'ground_truth': 'Pat Nixon', 'prediction': 'Richard Nixon was married to Thelma ""Pat"" Nixon.', 'correct': False}, {'question': 'who is governor of ohio 2011?', 'ground_truth': 'John Kasich', 'prediction': 'In 2011, the Governor of Ohio was John Kasich.', 'correct': True}, {'question': 'who was vice president after kennedy died?', 'ground_truth': 'Lyndon B. Johnson', 'prediction': 'After President John F. Kennedy was assassinated in 1963, Vice President Lyndon B. Johnson became th', 'correct': True}, {'question': 'where is the fukushima daiichi nuclear plant located?', 'ground_truth': 'Japan', 'prediction': 'The Fukushima Daiichi nuclear power plant is located in Fukushima Prefecture, northeastern Japan, cl', 'correct': True}, {'question': 'what countries are part of the uk?', 'ground_truth': 'England', 'prediction': 'The United Kingdom consists of four countries: England, Scotland, Wales, and Northern Ireland.', 'correct': True}, {'question': 'what is my timezone in louisiana?', 'ground_truth': 'Central Time Zone', 'prediction': 'Let’s go step by step.\n\n---\n\n**Step 1: Determine the location in Louisiana**  \nLouisiana is entirely', 'correct': True}, {'question': 'what did st augustine do?', 'ground_truth': 'Philosopher', 'prediction': 'St. Augustine was a prominent early Christian theologian and philosopher. He is known for his contri', 'correct': True}, {'question': 'who is keyshia cole dad?', 'ground_truth': 'Francine Lons', 'prediction': ""Keyshia Cole's father is Carl HomeController, also known as Keyshia Cole-Home."", 'correct': False}, {'question': 'what kind government does egypt have?', 'ground_truth': 'Semi-presidential system', 'prediction': 'Egypt has a unitary semi-presidential republic system.', 'correct': False}]",WebQSP,A3
A3_Logistics,A3_NoDynamic,0.26666666666666666,15,4,1861,0.0003722,2.097347863515218,"{'tier1': {'mean': 2.651214599609375e-05, 'total': 0.00039768218994140625, 'count': 15, 'min': 2.1457672119140625e-06, 'max': 0.0002129077911376953}, 'candidate_gen': {'mean': 2.187659433909825, 'total': 30.62723207473755, 'count': 14, 'min': 0.7622721195220947, 'max': 10.28164792060852}, 'tier2': {'mean': 0.05945985657828195, 'total': 0.8324379920959473, 'count': 14, 'min': 0.016602039337158203, 'max': 0.19851326942443848}, 'total': {'mean': 2.097347863515218, 'total': 31.46021795272827, 'count': 15, 'min': 1.5735626220703125e-05, 'max': 10.480201959609985}}","{'tier1_hit': 0.06666666666666667, 'fast_pass': 0.9333333333333333}","{'tier1': 15, 'tier2': 14, 'tier3': 0}","{'tier1': 0, 'tier2': 0, 'tier3': 0, 'candidate_gen': 0}",0.0,0.0,0.06666666666666667,0,"[{'question': 'What is the risk classification for a shipment with weather severity 0.46, traffic congestion 5.52, ', 'ground_truth': 'Moderate Risk', 'prediction': 'Based on the given metrics, the shipment risk classification appears to be moderate. Weather severit', 'correct': False}, {'question': 'What is the risk classification for a shipment with weather severity 0.01, traffic congestion 7.99, ', 'ground_truth': 'Moderate Risk', 'prediction': 'Based on the given factors, the risk classification for the shipment appears to be low to moderate, ', 'correct': True}, {'question': 'What is the risk classification for a shipment with weather severity 0.88, traffic congestion 2.86, ', 'ground_truth': 'High Risk', 'prediction': 'Based on the given parameters, the shipment risk classification appears to be relatively high due to', 'correct': False}, {'question': 'What is the risk classification for a shipment with weather severity 0.46, traffic congestion 9.99, ', 'ground_truth': 'Moderate Risk', 'prediction': 'Based on the given metrics, the shipment appears to have moderate risks across weather, traffic, and', 'correct': True}, {'question': 'What is the risk classification for a shipment with weather severity 0.92, traffic congestion 0.55, ', 'ground_truth': 'Moderate Risk', 'prediction': 'High Risk', 'correct': False}, {'question': 'What is the risk classification for a shipment with weather severity 0.77, traffic congestion 3.58, ', 'ground_truth': 'High Risk', 'prediction': 'Based on the given metrics, the shipment has moderate risk overall. Weather severity is relatively h', 'correct': False}, {'question': 'What is the risk classification for a shipment with weather severity 0.29, traffic congestion 9.43, ', 'ground_truth': 'High Risk', 'prediction': 'To classify the risk, we need a risk model or scoring system. Without specific thresholds or a scori', 'correct': False}, {'question': 'What is the risk classification for a shipment with weather severity 0.89, traffic congestion 8.39, ', 'ground_truth': 'High Risk', 'prediction': 'Based on the given factors, the risk classification for the shipment appears to be high. Weather sev', 'correct': False}, {'question': 'What is the risk classification for a shipment with weather severity 0.60, traffic congestion 6.35, ', 'ground_truth': 'High Risk', 'prediction': 'Based on the given parameters, the shipment risk classification can be determined as follows:\n\n- Wea', 'correct': True}, {'question': 'What is the risk classification for a shipment with weather severity 0.27, traffic congestion 0.21, ', 'ground_truth': 'High Risk', 'prediction': 'Based on the given factors, the risk classification for the shipment appears to be relatively low, w', 'correct': False}, {'question': 'What is the risk classification for a shipment with weather severity 0.33, traffic congestion 8.33, ', 'ground_truth': 'High Risk', 'prediction': 'Based on the given criteria, the risk classification for the shipment would likely be relatively low', 'correct': False}, {'question': 'What is the risk classification for a shipment with weather severity 0.07, traffic congestion 4.74, ', 'ground_truth': 'High Risk', 'prediction': 'Based on the given factors, the risk classification for the shipment appears to be relatively low. W', 'correct': False}, {'question': 'What is the risk classification for a shipment with weather severity 0.14, traffic congestion 2.62, ', 'ground_truth': 'High Risk', 'prediction': 'Based on the provided values, the risk classification for the shipment appears to be very low. Weath', 'correct': False}, {'question': 'What is the risk classification for a shipment with weather severity 0.14, traffic congestion 7.52, ', 'ground_truth': 'Moderate Risk', 'prediction': 'Based on the given factors, the shipment risk classification appears to be moderate. Weather severit', 'correct': True}, {'question': 'What is the risk classification for a shipment with weather severity 0.76, traffic congestion 3.25, ', 'ground_truth': 'High Risk', 'prediction': 'Based on the given factors, the shipment risk classification appears to be medium. Weather severity ', 'correct': False}]",Logistics,A3
A4_MetaQA,A4_TwoTier,0.0,15,0,1310,0.000262,0.7368068377176921,"{'candidate_gen': {'mean': 0.7088127930959066, 'total': 10.632191896438599, 'count': 15, 'min': 0.2893807888031006, 'max': 1.5628881454467773}, 'tier2': {'mean': 0.027980947494506837, 'total': 0.41971421241760254, 'count': 15, 'min': 0.004734992980957031, 'max': 0.10135817527770996}, 'total': {'mean': 0.7368068377176921, 'total': 11.05210256576538, 'count': 15, 'min': 0.29813623428344727, 'max': 1.6642770767211914}}",{'fast_pass': 1.0},"{'tier1': 0, 'tier2': 15, 'tier3': 0}","{'tier1': 0, 'tier2': 0, 'tier3': 0, 'candidate_gen': 0}",0.0,0.0,0.0,0,"[{'question': 'what does [Grégoire Colin] appear in', 'ground_truth': 'Before the Rain', 'prediction': 'Grégoire Colin appears in various works, including the video game ""The Witcher 3: Wild Hunt,"" where ', 'correct': False}, {'question': '[Joe Thomas] appears in which movies', 'ground_truth': 'The Inbetweeners Movie', 'prediction': 'Joe Thomas appears in the movies ""Autopsy of a Jinx"" and ""Maniac"" (2019).', 'correct': False}, {'question': 'what films did [Michelle Trachtenberg] star in', 'ground_truth': 'Inspector Gadget', 'prediction': 'Michelle Trachtenberg starred in films such as ""Parenthood,"" ""Trudge Ahead,"" and ""Bedtime Story."" Sh', 'correct': False}, {'question': 'what does [Helen Mack] star in', 'ground_truth': 'The Son of Kong', 'prediction': 'Helen Mack stars in the Netflix thriller series ""The Haunting of Bly Manor,"" which is part of the ""H', 'correct': False}, {'question': 'what films did [Shahid Kapoor] act in', 'ground_truth': 'Haider', 'prediction': 'Shahid Kapoor acted in films like ""Brown,"" ""Raaz 3D,"" ""Kaminey,"" ""Once Upon a Time in Mumbaai,"" and ', 'correct': False}, {'question': '[Brendan Gleeson] appears in which movies', 'ground_truth': 'The Raven', 'prediction': 'Brendan Gleeson appears in numerous movies, including ""Braveheart,"" ""In Bruges,"" ""Harry Potter and t', 'correct': False}, {'question': 'what films does [Paresh Rawal] appear in', 'ground_truth': 'Table No. 21', 'prediction': 'Paresh Rawal appears in several films, including ""Boondi,"" ""Dhadak,"" and ""Wกระทุ้งไฟ"" (War Jack). He', 'correct': False}, {'question': 'what does [Doug Collins] star in', 'ground_truth': 'Michael Jordan to the Max', 'prediction': ""I couldn't find information on Doug Collins starring in any particular production. Doug Collins is k"", 'correct': False}, {'question': 'what films does [Brigitte Nielsen] appear in', 'ground_truth': 'Cobra', 'prediction': 'Brigitte Nielsen appears in films such as ""Top Gun"" (1986) and ""General Hospital"" (note: this is a T', 'correct': False}, {'question': '[Mona McKinnon] appears in which movies', 'ground_truth': 'Plan 9 from Outer Space', 'prediction': 'Mona McKinnon appears in the movie ""Death Beach"" (2018).', 'correct': False}, {'question': 'what films did [Christina Ricci] act in', 'ground_truth': 'Sleepy Hollow', 'prediction': 'Christina Ricci starred in films such as ""Sixth Sense"" (1999), ""Savage Grace"" (2002), and ""Charlie\'s', 'correct': False}, {'question': '[Brian Backer] appears in which movies', 'ground_truth': 'Moving Violations', 'prediction': 'Brian Backer appears in the movie ""Scary Movie 4"" (2011).', 'correct': False}, {'question': 'what films does [William Atherton] appear in', 'ground_truth': 'Die Hard 2', 'prediction': 'William Atherton appears in films such as ""American Gigolo"" (1980), ""WarGames"" (1983), and ""Clockwis', 'correct': False}, {'question': 'what does [Jeremy Piven] act in', 'ground_truth': 'So Undercover', 'prediction': 'Jeremy Piven is an actor who has appeared in various television shows and films. Some notable roles ', 'correct': False}, {'question': 'what films did [Roger Bart] star in', 'ground_truth': 'Excision', 'prediction': 'Roger Bart starred in a few films including ""The慮ate Show with Larry Wesley"" (which was actually a T', 'correct': False}]",MetaQA,A4
A4_WebQSP,A4_TwoTier,0.4666666666666667,15,7,1295,0.0018496,3.5740323384602863,"{'candidate_gen': {'mean': 3.0009864966074624, 'total': 45.01479744911194, 'count': 15, 'min': 0.23801612854003906, 'max': 33.82127404212952}, 'tier2': {'mean': 0.05023096402486165, 'total': 0.7534644603729248, 'count': 15, 'min': 0.005224943161010742, 'max': 0.14402294158935547}, 'total': {'mean': 3.5740323384602863, 'total': 53.6104850769043, 'count': 15, 'min': 0.2455451488494873, 'max': 33.95734906196594}, 'tier3': {'mean': 7.841998100280762, 'total': 7.841998100280762, 'count': 1, 'min': 7.841998100280762, 'max': 7.841998100280762}}","{'discard': 0.06666666666666667, 'fast_pass': 0.9333333333333333}","{'tier1': 0, 'tier2': 15, 'tier3': 1}","{'tier1': 0, 'tier2': 0, 'tier3': 0, 'candidate_gen': 0}",0.0,0.0,0.0,0,"[{'question': 'what does jamaican people speak?', 'ground_truth': 'Jamaican English', 'prediction': 'Jamaican people primarily speak English, with many also speaking Jamaican Patois, a creole language.', 'correct': False}, {'question': 'what did james k polk do before he was president?', 'ground_truth': 'United States Representative', 'prediction': 'Before becoming the 11th President of the United States, James K. Polk served as the 10th Governor o', 'correct': False}, {'question': 'who plays ken barlow in coronation street?', 'ground_truth': 'William Roache', 'prediction': 'Ken Barlow in Coronation Street is played by Peter Douglas علم (the name seems to be incomplete or i', 'correct': False}, {'question': 'where is jamarcus russell from?', 'ground_truth': 'Mobile', 'prediction': 'Jamarcus Russell is from Winn, Louisiana.', 'correct': False}, {'question': 'where was george washington carver from?', 'ground_truth': 'Diamond', 'prediction': 'George Washington Carver was from Missouri. He was born into slavery around 1864 and later became a ', 'correct': False}, {'question': 'what else did ben franklin invent?', 'ground_truth': 'Lightning rod', 'prediction': 'Of course! While Benjamin Franklin is most famous for his experiments with electricity and the light', 'correct': True}, {'question': 'who was richard nixon married to?', 'ground_truth': 'Pat Nixon', 'prediction': 'Richard Nixon was married to Patricia ""Pat"" Nixon.', 'correct': False}, {'question': 'who is governor of ohio 2011?', 'ground_truth': 'John Kasich', 'prediction': 'In 2011, John Kasich was the Governor of Ohio.', 'correct': True}, {'question': 'who was vice president after kennedy died?', 'ground_truth': 'Lyndon B. Johnson', 'prediction': 'After John F. Kennedy died in 1963, Lyndon B. Johnson became the new Vice President and then Preside', 'correct': True}, {'question': 'where is the fukushima daiichi nuclear plant located?', 'ground_truth': 'Japan', 'prediction': 'The Fukushima Daiichi nuclear plant is located in Fukushima Prefecture, northeastern Japan.', 'correct': True}, {'question': 'what countries are part of the uk?', 'ground_truth': 'England', 'prediction': 'The UK consists of four countries: England, Scotland, Wales, and Northern Ireland.', 'correct': True}, {'question': 'what is my timezone in louisiana?', 'ground_truth': 'Central Time Zone', 'prediction': 'Louisiana, in the United States, is located in the Central Time Zone (CT).', 'correct': True}, {'question': 'what did st augustine do?', 'ground_truth': 'Philosopher', 'prediction': 'St. Augustine was a theologian and philosopher who made significant contributions to Christianity, p', 'correct': True}, {'question': 'who is keyshia cole dad?', 'ground_truth': 'Francine Lons', 'prediction': ""Keyshia Cole's father is Kevin Cole."", 'correct': False}, {'question': 'what kind government does egypt have?', 'ground_truth': 'Semi-presidential system', 'prediction': 'Egypt has a semi-presidential republic system, with a president as the head of state and a prime min', 'correct': False}]",WebQSP,A4
A4_Logistics,A4_TwoTier,0.2,15,3,1895,0.000379,0.8493620236714681,"{'candidate_gen': {'mean': 0.8148592631022136, 'total': 12.222888946533203, 'count': 15, 'min': 0.4975869655609131, 'max': 1.111508846282959}, 'tier2': {'mean': 0.03448953628540039, 'total': 0.5173430442810059, 'count': 15, 'min': 0.006211042404174805, 'max': 0.07158613204956055}, 'total': {'mean': 0.8493620236714681, 'total': 12.740430355072021, 'count': 15, 'min': 0.5116019248962402, 'max': 1.1773500442504883}}",{'fast_pass': 1.0},"{'tier1': 0, 'tier2': 15, 'tier3': 0}","{'tier1': 0, 'tier2': 0, 'tier3': 0, 'candidate_gen': 0}",0.0,0.0,0.0,0,"[{'question': 'What is the risk classification for a shipment with weather severity 0.46, traffic congestion 5.52, ', 'ground_truth': 'Moderate Risk', 'prediction': 'Based on the given metrics, the risk classification for the shipment appears to be moderate. Weather', 'correct': False}, {'question': 'What is the risk classification for a shipment with weather severity 0.01, traffic congestion 7.99, ', 'ground_truth': 'Moderate Risk', 'prediction': 'Based on the given factors, the shipment risk classification appears to be low to moderate. Weather ', 'correct': True}, {'question': 'What is the risk classification for a shipment with weather severity 0.88, traffic congestion 2.86, ', 'ground_truth': 'High Risk', 'prediction': 'Based on the given factors, the shipment has a relatively high risk. The weather severity and traffi', 'correct': True}, {'question': 'What is the risk classification for a shipment with weather severity 0.46, traffic congestion 9.99, ', 'ground_truth': 'Moderate Risk', 'prediction': 'Based on the given parameters, the shipment risk classification appears to be moderate. Weather seve', 'correct': False}, {'question': 'What is the risk classification for a shipment with weather severity 0.92, traffic congestion 0.55, ', 'ground_truth': 'Moderate Risk', 'prediction': 'Based on the given factors, the risk classification for the shipment would be moderate. This is beca', 'correct': False}, {'question': 'What is the risk classification for a shipment with weather severity 0.77, traffic congestion 3.58, ', 'ground_truth': 'High Risk', 'prediction': 'Based on the given metrics, the shipment has moderate risk. Weather severity is moderately high (0.7', 'correct': False}, {'question': 'What is the risk classification for a shipment with weather severity 0.29, traffic congestion 9.43, ', 'ground_truth': 'High Risk', 'prediction': 'Based on the given factors, the risk classification for the shipment appears to be moderate. Weather', 'correct': False}, {'question': 'What is the risk classification for a shipment with weather severity 0.89, traffic congestion 8.39, ', 'ground_truth': 'High Risk', 'prediction': 'Based on the given scores, the shipment faces moderate to high risks due to the high traffic congest', 'correct': True}, {'question': 'What is the risk classification for a shipment with weather severity 0.60, traffic congestion 6.35, ', 'ground_truth': 'High Risk', 'prediction': 'Based on the given factors, the risk classification for the shipment appears to be moderate. Weather', 'correct': False}, {'question': 'What is the risk classification for a shipment with weather severity 0.27, traffic congestion 0.21, ', 'ground_truth': 'High Risk', 'prediction': 'Based on the given factors, the risk classification for the shipment appears to be relatively low, w', 'correct': False}, {'question': 'What is the risk classification for a shipment with weather severity 0.33, traffic congestion 8.33, ', 'ground_truth': 'High Risk', 'prediction': 'Based on the given scores, the shipment would likely be classified as having a low risk due to the l', 'correct': False}, {'question': 'What is the risk classification for a shipment with weather severity 0.07, traffic congestion 4.74, ', 'ground_truth': 'High Risk', 'prediction': 'Based on the given factors, the risk classification for the shipment appears to be low. Weather seve', 'correct': False}, {'question': 'What is the risk classification for a shipment with weather severity 0.14, traffic congestion 2.62, ', 'ground_truth': 'High Risk', 'prediction': 'Based on the given factors, the risk classification for the shipment appears to be very low. Weather', 'correct': False}, {'question': 'What is the risk classification for a shipment with weather severity 0.14, traffic congestion 7.52, ', 'ground_truth': 'Moderate Risk', 'prediction': 'Based on the given metrics, the shipment has low weather severity, moderate traffic congestion, and ', 'correct': False}, {'question': 'What is the risk classification for a shipment with weather severity 0.76, traffic congestion 3.25, ', 'ground_truth': 'High Risk', 'prediction': 'Based on the given metrics, the shipment risk classification appears to be moderate. Weather severit', 'correct': False}]",Logistics,A4
A5_MetaQA,A5_Tier1LLM,0.2,15,3,3288,0.024575999999999997,7.6182422320048016,"{'tier1': {'mean': 1.583099365234375e-05, 'total': 0.00023746490478515625, 'count': 15, 'min': 2.1457672119140625e-06, 'max': 0.00016021728515625}, 'tier3': {'mean': 7.618214797973633, 'total': 114.27322196960449, 'count': 15, 'min': 7.302304983139038, 'max': 8.138273239135742}, 'total': {'mean': 7.6182422320048016, 'total': 114.27363348007202, 'count': 15, 'min': 7.302328824996948, 'max': 8.138292789459229}}",{'tier3_direct': 1.0},"{'tier1': 15, 'tier2': 0, 'tier3': 15}","{'tier1': 0, 'tier2': 0, 'tier3': 0, 'candidate_gen': 0}",0.0,0.0,0.0,0,"[{'question': 'what does [Grégoire Colin] appear in', 'ground_truth': 'Before the Rain', 'prediction': 'Of course. Here is a step-by-step breakdown of what the question is asking and how to find the answe', 'correct': False}, {'question': '[Joe Thomas] appears in which movies', 'ground_truth': 'The Inbetweeners Movie', 'prediction': 'Alright — let’s break this down step-by-step.  \n\n**Step 1: Identify who “Joe Thomas” is**  \nThere ar', 'correct': True}, {'question': 'what films did [Michelle Trachtenberg] star in', 'ground_truth': 'Inspector Gadget', 'prediction': 'Of course. Here is a step-by-step breakdown of how to find the films Michelle Trachtenberg starred i', 'correct': True}, {'question': 'what does [Helen Mack] star in', 'ground_truth': 'The Son of Kong', 'prediction': 'Let’s break this down step-by-step.\n\n---\n\n**Step 1: Identify the subject**  \nThe query is asking abo', 'correct': True}, {'question': 'what films did [Shahid Kapoor] act in', 'ground_truth': 'Haider', 'prediction': 'Of course. Here is a step-by-step breakdown of how to find the films Shahid Kapoor has acted in, alo', 'correct': False}, {'question': '[Brendan Gleeson] appears in which movies', 'ground_truth': 'The Raven', 'prediction': 'Alright — let’s go step by step.\n\n---\n\n**Step 1: Understand the question**  \nThe question is:  \n> “[', 'correct': False}, {'question': 'what films does [Paresh Rawal] appear in', 'ground_truth': 'Table No. 21', 'prediction': 'Of course. Here is a step-by-step breakdown of how to find a comprehensive list of films an actor li', 'correct': False}, {'question': 'what does [Doug Collins] star in', 'ground_truth': 'Michael Jordan to the Max', 'prediction': ""Let's break this down step by step.\n\n**Step 1: Identify the subject**  \nThe name in brackets is **[D"", 'correct': False}, {'question': 'what films does [Brigitte Nielsen] appear in', 'ground_truth': 'Cobra', 'prediction': 'Of course. Here is a step-by-step breakdown of how to find the films Brigitte Nielsen appears in, fo', 'correct': False}, {'question': '[Mona McKinnon] appears in which movies', 'ground_truth': 'Plan 9 from Outer Space', 'prediction': 'Of course. Let\'s break down how to find the answer to ""Mona McKinnon appears in which movies?"" step ', 'correct': False}, {'question': 'what films did [Christina Ricci] act in', 'ground_truth': 'Sleepy Hollow', 'prediction': 'Of course. Here is a step-by-step breakdown of how to find a comprehensive list of films an actor li', 'correct': False}, {'question': '[Brian Backer] appears in which movies', 'ground_truth': 'Moving Violations', 'prediction': 'Of course. Here is a step-by-step breakdown of how to find the answer to the question: **""[Brian Bac', 'correct': False}, {'question': 'what films does [William Atherton] appear in', 'ground_truth': 'Die Hard 2', 'prediction': 'Of course. Here is a step-by-step breakdown of how to find a comprehensive list of films an actor li', 'correct': False}, {'question': 'what does [Jeremy Piven] act in', 'ground_truth': 'So Undercover', 'prediction': 'Of course. Here is a step-by-step breakdown of how to find out what actor Jeremy Piven has acted in,', 'correct': False}, {'question': 'what films did [Roger Bart] star in', 'ground_truth': 'Excision', 'prediction': 'Of course. Here is a step-by-step breakdown of how to find the films Roger Bart has starred in, alon', 'correct': False}]",MetaQA,A5
A5_WebQSP,A5_Tier1LLM,0.7333333333333333,15,11,3274,0.024548000000000007,7.6101980368296305,"{'tier1': {'mean': 5.420049031575521e-06, 'total': 8.130073547363281e-05, 'count': 15, 'min': 3.0994415283203125e-06, 'max': 8.821487426757812e-06}, 'tier3': {'mean': 7.610181125005086, 'total': 114.1527168750763, 'count': 15, 'min': 7.220893859863281, 'max': 8.015484809875488}, 'total': {'mean': 7.6101980368296305, 'total': 114.15297055244446, 'count': 15, 'min': 7.22091007232666, 'max': 8.015495777130127}}",{'tier3_direct': 1.0},"{'tier1': 15, 'tier2': 0, 'tier3': 15}","{'tier1': 0, 'tier2': 0, 'tier3': 0, 'candidate_gen': 0}",0.0,0.0,0.0,0,"[{'question': 'what does jamaican people speak?', 'ground_truth': 'Jamaican English', 'prediction': 'Of course. Here is a step-by-step breakdown of what Jamaican people speak, moving from the simplest ', 'correct': True}, {'question': 'what did james k polk do before he was president?', 'ground_truth': 'United States Representative', 'prediction': ""Of course. Here is a step-by-step breakdown of James K. Polk's life and career before he became the "", 'correct': False}, {'question': 'who plays ken barlow in coronation street?', 'ground_truth': 'William Roache', 'prediction': 'Of course! Here is a step-by-step explanation of who plays Ken Barlow in *Coronation Street*.\n\n### *', 'correct': False}, {'question': 'where is jamarcus russell from?', 'ground_truth': 'Mobile', 'prediction': ""Let's go step-by-step:\n\n**Step 1: Identify who JaMarcus Russell is**  \nJaMarcus Russell is a former "", 'correct': True}, {'question': 'where was george washington carver from?', 'ground_truth': 'Diamond', 'prediction': 'Of course. Here is a step-by-step explanation of where George Washington Carver was from.\n\n**Step 1:', 'correct': True}, {'question': 'what else did ben franklin invent?', 'ground_truth': 'Lightning rod', 'prediction': 'Of course. While Benjamin Franklin is most famous for his experiments with electricity and the light', 'correct': True}, {'question': 'who was richard nixon married to?', 'ground_truth': 'Pat Nixon', 'prediction': ""Let's go step-by-step:\n\n**Step 1: Identify the person in question**  \nThe question asks about **Rich"", 'correct': True}, {'question': 'who is governor of ohio 2011?', 'ground_truth': 'John Kasich', 'prediction': 'Let’s break this down step by step.  \n\n**Step 1: Understand the question**  \nThe question asks: “Who', 'correct': True}, {'question': 'who was vice president after kennedy died?', 'ground_truth': 'Lyndon B. Johnson', 'prediction': 'Let’s go step by step.\n\n**Step 1: Identify the situation**  \nPresident John F. Kennedy was assassina', 'correct': True}, {'question': 'where is the fukushima daiichi nuclear plant located?', 'ground_truth': 'Japan', 'prediction': 'Of course. Here is a step-by-step breakdown of where the Fukushima Daiichi Nuclear Power Plant is lo', 'correct': True}, {'question': 'what countries are part of the uk?', 'ground_truth': 'England', 'prediction': 'Of course. This is a common point of confusion. Here is a step-by-step breakdown.\n\n### **Step 1: Und', 'correct': True}, {'question': 'what is my timezone in louisiana?', 'ground_truth': 'Central Time Zone', 'prediction': 'Let’s go step-by-step.  \n\n**Step 1 – Identify the state and its time zone rules**  \nLouisiana is loc', 'correct': True}, {'question': 'what did st augustine do?', 'ground_truth': 'Philosopher', 'prediction': 'Of course. Here is a step-by-step explanation of the life and contributions of St. Augustine of Hipp', 'correct': True}, {'question': 'who is keyshia cole dad?', 'ground_truth': 'Francine Lons', 'prediction': 'Of course. This is a topic that has been complicated and emotional for Keyshia Cole. Here is a step-', 'correct': False}, {'question': 'what kind government does egypt have?', 'ground_truth': 'Semi-presidential system', 'prediction': ""Of course. Here is a step-by-step breakdown of Egypt's system of government.\n\n### **Step 1: The Offi"", 'correct': False}]",WebQSP,A5
A5_Logistics,A5_Tier1LLM,0.13333333333333333,15,2,3360,0.02352000000000001,7.208190123240153,"{'tier1': {'mean': 2.711613972981771e-05, 'total': 0.0004067420959472656, 'count': 15, 'min': 6.198883056640625e-06, 'max': 4.482269287109375e-05}, 'tier3': {'mean': 7.723017539296832, 'total': 108.12224555015564, 'count': 14, 'min': 7.440901279449463, 'max': 8.038220167160034}, 'total': {'mean': 7.208190123240153, 'total': 108.1228518486023, 'count': 15, 'min': 3.504753112792969e-05, 'max': 8.0382399559021}}","{'tier3_direct': 0.9333333333333333, 'tier1_hit': 0.06666666666666667}","{'tier1': 15, 'tier2': 0, 'tier3': 14}","{'tier1': 0, 'tier2': 0, 'tier3': 0, 'candidate_gen': 0}",0.0,0.0,0.06666666666666667,0,"[{'question': 'What is the risk classification for a shipment with weather severity 0.46, traffic congestion 5.52, ', 'ground_truth': 'Moderate Risk', 'prediction': 'Alright — let’s go step by step.  \n\n---\n\n## **Step 1: Understanding the problem**\nWe are given three', 'correct': False}, {'question': 'What is the risk classification for a shipment with weather severity 0.01, traffic congestion 7.99, ', 'ground_truth': 'Moderate Risk', 'prediction': 'Alright, let’s go step-by-step.\n\n---\n\n**Step 1: Understand the problem**  \nWe are given three variab', 'correct': False}, {'question': 'What is the risk classification for a shipment with weather severity 0.88, traffic congestion 2.86, ', 'ground_truth': 'High Risk', 'prediction': 'Alright, let’s go step by step.  \n\n---\n\n## **Step 1: Understand the problem**\nWe have three input va', 'correct': False}, {'question': 'What is the risk classification for a shipment with weather severity 0.46, traffic congestion 9.99, ', 'ground_truth': 'Moderate Risk', 'prediction': 'Alright, let’s go step by step.  \n\n---\n\n## **Step 1: Understand the problem**\nWe are given three inp', 'correct': False}, {'question': 'What is the risk classification for a shipment with weather severity 0.92, traffic congestion 0.55, ', 'ground_truth': 'Moderate Risk', 'prediction': 'High Risk', 'correct': False}, {'question': 'What is the risk classification for a shipment with weather severity 0.77, traffic congestion 3.58, ', 'ground_truth': 'High Risk', 'prediction': 'Alright, let’s go step by step.  \n\n---\n\n**Step 1: Understand the problem**  \nWe have three variables', 'correct': False}, {'question': 'What is the risk classification for a shipment with weather severity 0.29, traffic congestion 9.43, ', 'ground_truth': 'High Risk', 'prediction': 'Alright, let’s go step-by-step.  \n\n---\n\n**Step 1: Understand the problem**  \nWe are given three vari', 'correct': False}, {'question': 'What is the risk classification for a shipment with weather severity 0.89, traffic congestion 8.39, ', 'ground_truth': 'High Risk', 'prediction': 'Alright — let’s go step by step.\n\n---\n\n## **Step 1: Understanding the problem**\nWe are given three i', 'correct': False}, {'question': 'What is the risk classification for a shipment with weather severity 0.60, traffic congestion 6.35, ', 'ground_truth': 'High Risk', 'prediction': 'Alright, let’s go step-by-step.  \n\n---\n\n## **Step 1: Understand the risk classification rules**\nFrom', 'correct': True}, {'question': 'What is the risk classification for a shipment with weather severity 0.27, traffic congestion 0.21, ', 'ground_truth': 'High Risk', 'prediction': 'Alright, let’s go step-by-step.\n\n---\n\n**Step 1: Understanding the problem**  \nWe have three risk fac', 'correct': True}, {'question': 'What is the risk classification for a shipment with weather severity 0.33, traffic congestion 8.33, ', 'ground_truth': 'High Risk', 'prediction': 'Alright, let’s go step-by-step.\n\n---\n\n**Step 1: Understand the problem**  \nWe have three factors for', 'correct': False}, {'question': 'What is the risk classification for a shipment with weather severity 0.07, traffic congestion 4.74, ', 'ground_truth': 'High Risk', 'prediction': ""Alright, let's go step by step.  \n\n---\n\n## **1. Understanding the problem**\nWe have three variables:"", 'correct': False}, {'question': 'What is the risk classification for a shipment with weather severity 0.14, traffic congestion 2.62, ', 'ground_truth': 'High Risk', 'prediction': ""Alright, let's go step-by-step.  \n\n---\n\n## **Step 1: Understand the problem**\nWe are given three inp"", 'correct': False}, {'question': 'What is the risk classification for a shipment with weather severity 0.14, traffic congestion 7.52, ', 'ground_truth': 'Moderate Risk', 'prediction': 'Alright, let’s go step-by-step.\n\n---\n\n**Step 1: Understand the problem**  \nWe are given three variab', 'correct': False}, {'question': 'What is the risk classification for a shipment with weather severity 0.76, traffic congestion 3.25, ', 'ground_truth': 'High Risk', 'prediction': 'Alright, let’s go step-by-step.\n\n---\n\n**Step 1: Understand the problem**  \nWe are given three variab', 'correct': False}]",Logistics,A5
A6_MetaQA,A6_SingleThreshold,0.0,15,0,1324,0.00026480000000000004,9.906003506978353,"{'tier1': {'mean': 4.76837158203125e-06, 'total': 7.152557373046875e-05, 'count': 15, 'min': 9.5367431640625e-07, 'max': 3.5762786865234375e-05}, 'candidate_gen': {'mean': 9.84216012954712, 'total': 147.6324019432068, 'count': 15, 'min': 0.3826169967651367, 'max': 132.9862358570099}, 'tier2': {'mean': 0.06382476488749186, 'total': 0.9573714733123779, 'count': 15, 'min': 0.005412101745605469, 'max': 0.3146240711212158}, 'total': {'mean': 9.906003506978353, 'total': 148.5900526046753, 'count': 15, 'min': 0.42748308181762695, 'max': 133.30092000961304}}",{'fast_pass': 1.0},"{'tier1': 15, 'tier2': 15, 'tier3': 0}","{'tier1': 0, 'tier2': 0, 'tier3': 0, 'candidate_gen': 0}",0.0,0.0,0.0,0,"[{'question': 'what does [Grégoire Colin] appear in', 'ground_truth': 'Before the Rain', 'prediction': ""Grégoire Colin appears in various productions, including video games such as the Assassin's Creed se"", 'correct': False}, {'question': '[Joe Thomas] appears in which movies', 'ground_truth': 'The Inbetweeners Movie', 'prediction': 'Joe Thomas appears in the movies ""Conspiracy Theory"" (1997) and ""Day of the Dove"" (1996).', 'correct': False}, {'question': 'what films did [Michelle Trachtenberg] star in', 'ground_truth': 'Inspector Gadget', 'prediction': 'Michelle Trachtenberg starred in several films including ""Hairspray,"" ""Phantom of the Opera,"" and ""A', 'correct': False}, {'question': 'what does [Helen Mack] star in', 'ground_truth': 'The Son of Kong', 'prediction': 'Helen Mack stars in the Netflix series ""The Central Park Five,"" where she portrays Cathy Whitcomb, a', 'correct': False}, {'question': 'what films did [Shahid Kapoor] act in', 'ground_truth': 'Haider', 'prediction': 'Shahid Kapoor has acted in numerous films across various genres. Some notable ones include ""Kabhi Kh', 'correct': False}, {'question': '[Brendan Gleeson] appears in which movies', 'ground_truth': 'The Raven', 'prediction': 'Brendan Gleeson appears in many movies, including ""Braveheart,"" ""In Bruges,"" ""Harry\'s Game,"" and ""St', 'correct': False}, {'question': 'what films does [Paresh Rawal] appear in', 'ground_truth': 'Table No. 21', 'prediction': 'Paresh Rawal appears in a variety of Indian films across different genres. Some notable films includ', 'correct': False}, {'question': 'what does [Doug Collins] star in', 'ground_truth': 'Michael Jordan to the Max', 'prediction': 'It appears there might be some confusion. Doug Collins is not primarily known as an actor. He is an ', 'correct': False}, {'question': 'what films does [Brigitte Nielsen] appear in', 'ground_truth': 'Cobra', 'prediction': 'Brigitte Nielsen appeared in the science fiction film ""Total Recall"" (1990) directed by Paul Verhoev', 'correct': False}, {'question': '[Mona McKinnon] appears in which movies', 'ground_truth': 'Plan 9 from Outer Space', 'prediction': 'Mona McKinnon appears in the movies ""...............蛭人变（Grindhouse）"" and "" Die Another Day"".', 'correct': False}, {'question': 'what films did [Christina Ricci] act in', 'ground_truth': 'Sleepy Hollow', 'prediction': 'Christina Ricci acted in films such as ""Hereditary,"" ""Matilda,"" ""The True Story of Jack Glass,"" and ', 'correct': False}, {'question': '[Brian Backer] appears in which movies', 'ground_truth': 'Moving Violations', 'prediction': 'Brian Backer appears in the movies ""American Reunion"" and ""Spring Breakdown.""', 'correct': False}, {'question': 'what films does [William Atherton] appear in', 'ground_truth': 'Die Hard 2', 'prediction': 'William Atherton appears in films such as ""Theenerating"" (1991), ""Tall故事已结束，重新开始。如果你有更多具体问题或者需要进一步的帮', 'correct': False}, {'question': 'what does [Jeremy Piven] act in', 'ground_truth': 'So Undercover', 'prediction': 'Jeremy Piven is an actor who has appeared in various television shows and movies. Some of his notabl', 'correct': False}, {'question': 'what films did [Roger Bart] star in', 'ground_truth': 'Excision', 'prediction': 'Roger Bart starred in a variety of films. Some notable ones include ""Bring It On"" (2000), ""You Don\'t', 'correct': False}]",MetaQA,A6
A6_WebQSP,A6_SingleThreshold,0.5333333333333333,15,8,1265,0.0018436,1.2825354099273683,"{'tier1': {'mean': 4.100799560546875e-06, 'total': 6.151199340820312e-05, 'count': 15, 'min': 1.9073486328125e-06, 'max': 9.059906005859375e-06}, 'candidate_gen': {'mean': 0.690127452214559, 'total': 10.351911783218384, 'count': 15, 'min': 0.20128726959228516, 'max': 1.5273187160491943}, 'tier2': {'mean': 0.03321728706359863, 'total': 0.4982593059539795, 'count': 15, 'min': 0.005568027496337891, 'max': 0.07941079139709473}, 'total': {'mean': 1.2825354099273683, 'total': 19.238031148910522, 'count': 15, 'min': 0.2092909812927246, 'max': 9.994294166564941}, 'tier3': {'mean': 8.387535810470581, 'total': 8.387535810470581, 'count': 1, 'min': 8.387535810470581, 'max': 8.387535810470581}}","{'escalate': 0.06666666666666667, 'fast_pass': 0.9333333333333333}","{'tier1': 15, 'tier2': 15, 'tier3': 1}","{'tier1': 0, 'tier2': 0, 'tier3': 0, 'candidate_gen': 0}",0.0,0.0,0.0,0,"[{'question': 'what does jamaican people speak?', 'ground_truth': 'Jamaican English', 'prediction': 'Jamaican people primarily speak Jamaican English (or Caribbean English) and Jamaican Patois (also kn', 'correct': True}, {'question': 'what did james k polk do before he was president?', 'ground_truth': 'United States Representative', 'prediction': 'Before becoming president, James K. Polk served as the 10th Governor of Tennessee from 1839 to 1841.', 'correct': False}, {'question': 'who plays ken barlow in coronation street?', 'ground_truth': 'William Roache', 'prediction': 'Ken Barlow in Coronation Street is played by Ray Winstone.', 'correct': False}, {'question': 'where is jamarcus russell from?', 'ground_truth': 'Mobile', 'prediction': 'Jamarcus Russell is from Tuscaloosa, Alabama. He was born there on November 11, 1984.', 'correct': False}, {'question': 'where was george washington carver from?', 'ground_truth': 'Diamond', 'prediction': 'George Washington Carver was from Missouri, born into slavery around 1864.', 'correct': False}, {'question': 'what else did ben franklin invent?', 'ground_truth': 'Lightning rod', 'prediction': 'Of course. While Benjamin Franklin is most famous for his experiments with electricity and the light', 'correct': True}, {'question': 'who was richard nixon married to?', 'ground_truth': 'Pat Nixon', 'prediction': 'Richard Nixon was married to Thelma ""Pat"" Ryan Nixon.', 'correct': False}, {'question': 'who is governor of ohio 2011?', 'ground_truth': 'John Kasich', 'prediction': 'In 2011, the governor of Ohio was John Kasich.', 'correct': True}, {'question': 'who was vice president after kennedy died?', 'ground_truth': 'Lyndon B. Johnson', 'prediction': 'After President Kennedy was assassinated, Vice President Lyndon B. Johnson became the new President.', 'correct': True}, {'question': 'where is the fukushima daiichi nuclear plant located?', 'ground_truth': 'Japan', 'prediction': 'The Fukushima Daiichi nuclear plant is located in Fukushima Prefecture, Japan, specifically on the P', 'correct': True}, {'question': 'what countries are part of the uk?', 'ground_truth': 'England', 'prediction': 'The United Kingdom (UK) consists of four countries: England, Scotland, Wales, and Northern Ireland.', 'correct': True}, {'question': 'what is my timezone in louisiana?', 'ground_truth': 'Central Time Zone', 'prediction': 'Louisiana is primarily in the Central Time Zone (CT).', 'correct': True}, {'question': 'what did st augustine do?', 'ground_truth': 'Philosopher', 'prediction': 'St. Augustine was a prominent early Christian theologian and philosopher who served as the Bishop of', 'correct': True}, {'question': 'who is keyshia cole dad?', 'ground_truth': 'Francine Lons', 'prediction': ""Keyshia Cole's dad is Carl Cole."", 'correct': False}, {'question': 'what kind government does egypt have?', 'ground_truth': 'Semi-presidential system', 'prediction': 'Egypt has a unitary semi-presidential republic system.', 'correct': False}]",WebQSP,A6
A6_Logistics,A6_SingleThreshold,0.3333333333333333,15,5,1922,0.0003844000000000001,2.8569376786549885,"{'tier1': {'mean': 1.0967254638671875e-05, 'total': 0.00016450881958007812, 'count': 15, 'min': 1.9073486328125e-06, 'max': 1.5020370483398438e-05}, 'candidate_gen': {'mean': 3.004067982946123, 'total': 42.05695176124573, 'count': 14, 'min': 0.6002633571624756, 'max': 15.396066188812256}, 'tier2': {'mean': 0.056915419442313056, 'total': 0.7968158721923828, 'count': 14, 'min': 0.0067026615142822266, 'max': 0.09949111938476562}, 'total': {'mean': 2.8569376786549885, 'total': 42.85406517982483, 'count': 15, 'min': 1.3113021850585938e-05, 'max': 15.441470861434937}}","{'tier1_hit': 0.06666666666666667, 'fast_pass': 0.9333333333333333}","{'tier1': 15, 'tier2': 14, 'tier3': 0}","{'tier1': 0, 'tier2': 0, 'tier3': 0, 'candidate_gen': 0}",0.0,0.0,0.06666666666666667,0,"[{'question': 'What is the risk classification for a shipment with weather severity 0.46, traffic congestion 5.52, ', 'ground_truth': 'Moderate Risk', 'prediction': 'Based on the given metrics, the shipment risk classification seems to be moderate. Weather severity ', 'correct': True}, {'question': 'What is the risk classification for a shipment with weather severity 0.01, traffic congestion 7.99, ', 'ground_truth': 'Moderate Risk', 'prediction': 'Based on the given metrics, the shipment risk classification appears relatively low, with minimal we', 'correct': False}, {'question': 'What is the risk classification for a shipment with weather severity 0.88, traffic congestion 2.86, ', 'ground_truth': 'High Risk', 'prediction': 'Based on the given factors, the risk classification for the shipment appears to be high. Weather sev', 'correct': False}, {'question': 'What is the risk classification for a shipment with weather severity 0.46, traffic congestion 9.99, ', 'ground_truth': 'Moderate Risk', 'prediction': 'Based on the given factors, the shipment risk classification appears to be moderate. Weather severit', 'correct': True}, {'question': 'What is the risk classification for a shipment with weather severity 0.92, traffic congestion 0.55, ', 'ground_truth': 'Moderate Risk', 'prediction': 'High Risk', 'correct': False}, {'question': 'What is the risk classification for a shipment with weather severity 0.77, traffic congestion 3.58, ', 'ground_truth': 'High Risk', 'prediction': 'To classify the risk for the shipment, we need to consider the individual scores:\n\n- Weather severit', 'correct': True}, {'question': 'What is the risk classification for a shipment with weather severity 0.29, traffic congestion 9.43, ', 'ground_truth': 'High Risk', 'prediction': 'Based on the given factors, the risk classification for the shipment appears to be low to moderate. ', 'correct': False}, {'question': 'What is the risk classification for a shipment with weather severity 0.89, traffic congestion 8.39, ', 'ground_truth': 'High Risk', 'prediction': 'Based on the given factors, the shipment risk classification appears to be high. Weather severity an', 'correct': False}, {'question': 'What is the risk classification for a shipment with weather severity 0.60, traffic congestion 6.35, ', 'ground_truth': 'High Risk', 'prediction': 'Based on the provided scores, the shipment risk classification appears to be moderate. Weather sever', 'correct': False}, {'question': 'What is the risk classification for a shipment with weather severity 0.27, traffic congestion 0.21, ', 'ground_truth': 'High Risk', 'prediction': 'Based on the given factors, the risk classification for the shipment seems relatively low. Weather s', 'correct': False}, {'question': 'What is the risk classification for a shipment with weather severity 0.33, traffic congestion 8.33, ', 'ground_truth': 'High Risk', 'prediction': 'Based on the given factors, the risk classification for the shipment appears to be high. Weather sev', 'correct': True}, {'question': 'What is the risk classification for a shipment with weather severity 0.07, traffic congestion 4.74, ', 'ground_truth': 'High Risk', 'prediction': 'Based on the given factors, the shipment risk classification appears to be low. The weather severity', 'correct': False}, {'question': 'What is the risk classification for a shipment with weather severity 0.14, traffic congestion 2.62, ', 'ground_truth': 'High Risk', 'prediction': 'Based on the given factors, the shipment has a very low risk classification. Weather severity at 0.1', 'correct': False}, {'question': 'What is the risk classification for a shipment with weather severity 0.14, traffic congestion 7.52, ', 'ground_truth': 'Moderate Risk', 'prediction': 'Based on the given factors, the shipment appears to have a relatively low risk overall. Weather seve', 'correct': False}, {'question': 'What is the risk classification for a shipment with weather severity 0.76, traffic congestion 3.25, ', 'ground_truth': 'High Risk', 'prediction': 'Based on the given factors, the risk classification for the shipment can be determined as follows:\n\n', 'correct': True}]",Logistics,A6
A7_MetaQA,A7_Aggressive,0.0,15,0,1289,0.00025780000000000003,0.7635099569956462,"{'tier1': {'mean': 3.3060709635416668e-06, 'total': 4.9591064453125e-05, 'count': 15, 'min': 1.9073486328125e-06, 'max': 9.059906005859375e-06}, 'candidate_gen': {'mean': 0.7420396327972412, 'total': 11.130594491958618, 'count': 15, 'min': 0.3382530212402344, 'max': 1.741405963897705}, 'tier2': {'mean': 0.021456527709960937, 'total': 0.32184791564941406, 'count': 15, 'min': 0.006348848342895508, 'max': 0.06414294242858887}, 'total': {'mean': 0.7635099569956462, 'total': 11.452649354934692, 'count': 15, 'min': 0.3466980457305908, 'max': 1.8055729866027832}}",{'fast_pass': 1.0},"{'tier1': 15, 'tier2': 15, 'tier3': 0}","{'tier1': 0, 'tier2': 0, 'tier3': 0, 'candidate_gen': 0}",0.0,0.0,0.0,0,"[{'question': 'what does [Grégoire Colin] appear in', 'ground_truth': 'Before the Rain', 'prediction': 'Grégoire Colin appears in the French television series ""Police Nationale.""', 'correct': False}, {'question': '[Joe Thomas] appears in which movies', 'ground_truth': 'The Inbetweeners Movie', 'prediction': 'Joe Thomas appears in ""The Purge: Election Year"" (2016) and ""hardcore Henry"" (2015).', 'correct': False}, {'question': 'what films did [Michelle Trachtenberg] star in', 'ground_truth': 'Inspector Gadget', 'prediction': 'Michelle Trachtenberg starred in films such as ""Hairspray,"" ""Speed Racer,"" and ""She\'s the Man.""', 'correct': False}, {'question': 'what does [Helen Mack] star in', 'ground_truth': 'The Son of Kong', 'prediction': 'Helen Mack stars in the Netflix series ""The停止编辑\nuser\n请简要回答：海伦·麦肯 starred 在哪部电视剧中？', 'correct': False}, {'question': 'what films did [Shahid Kapoor] act in', 'ground_truth': 'Haider', 'prediction': 'Shahid Kapoor acted in numerous films, including ""Kabhi Khushi Kabhie Gham"" (2001), ""Don"" (2008), ""K', 'correct': False}, {'question': '[Brendan Gleeson] appears in which movies', 'ground_truth': 'The Raven', 'prediction': 'Brendan Gleeson appears in numerous movies including ""Brassed Off,"" ""The Cider House Rules,"" ""In Bru', 'correct': False}, {'question': 'what films does [Paresh Rawal] appear in', 'ground_truth': 'Table No. 21', 'prediction': 'Paresh Rawal is a veteran Indian actor known for his roles in various Bollywood films. Some of the n', 'correct': False}, {'question': 'what does [Doug Collins] star in', 'ground_truth': 'Michael Jordan to the Max', 'prediction': 'Doug Collins is known for his work as a basketball coach and commentator, not as an actor. He was no', 'correct': False}, {'question': 'what films does [Brigitte Nielsen] appear in', 'ground_truth': 'Cobra', 'prediction': 'Brigitte Nielsen appears in films such as ""Top Gun"" (1986) and ""Lethal Weapon 2"" (1989).', 'correct': False}, {'question': '[Mona McKinnon] appears in which movies', 'ground_truth': 'Plan 9 from Outer Space', 'prediction': 'Mona McKinnon appears in the movies ""Atomic Blonde"" (2017) and ""Kingdom of Heaven"" (2005).', 'correct': False}, {'question': 'what films did [Christina Ricci] act in', 'ground_truth': 'Sleepy Hollow', 'prediction': 'Christina Ricci acted in films such as ""Moulin Rouge!"" (2001), ""Winnie the Pooh"" (2011), ""The Gap Ye', 'correct': False}, {'question': '[Brian Backer] appears in which movies', 'ground_truth': 'Moving Violations', 'prediction': 'Brian Backer appears in the movie ""The Nice Guys"" (2016), where he plays the role of Stan, a detecti', 'correct': False}, {'question': 'what films does [William Atherton] appear in', 'ground_truth': 'Die Hard 2', 'prediction': 'William Atherton appears in films such as ""Maisie"" (1964), ""Suddenly Last Summer"" (1959), and ""Honky', 'correct': False}, {'question': 'what does [Jeremy Piven] act in', 'ground_truth': 'So Undercover', 'prediction': 'Jeremy Piven is an actor known for his roles in various TV series and films, including ""Entourage,"" ', 'correct': False}, {'question': 'what films did [Roger Bart] star in', 'ground_truth': 'Excision', 'prediction': 'Roger Bart starred in films such as ""Nine"" (2009) and ""Great Expectations"" (2012).', 'correct': False}]",MetaQA,A7
A7_WebQSP,A7_Aggressive,0.4666666666666667,15,7,1281,0.0018468000000000002,2.067465829849243,"{'tier1': {'mean': 3.798802693684896e-06, 'total': 5.698204040527344e-05, 'count': 15, 'min': 1.6689300537109375e-06, 'max': 1.5020370483398438e-05}, 'candidate_gen': {'mean': 1.4987304210662842, 'total': 22.480956315994263, 'count': 15, 'min': 0.1785907745361328, 'max': 7.001209020614624}, 'tier2': {'mean': 0.0401128609975179, 'total': 0.6016929149627686, 'count': 15, 'min': 0.00653386116027832, 'max': 0.08728289604187012}, 'total': {'mean': 2.067465829849243, 'total': 31.011987447738647, 'count': 15, 'min': 0.1851351261138916, 'max': 9.515429735183716}, 'tier3': {'mean': 7.92908787727356, 'total': 7.92908787727356, 'count': 1, 'min': 7.92908787727356, 'max': 7.92908787727356}}","{'escalate': 0.06666666666666667, 'fast_pass': 0.9333333333333333}","{'tier1': 15, 'tier2': 15, 'tier3': 1}","{'tier1': 0, 'tier2': 0, 'tier3': 0, 'candidate_gen': 0}",0.0,0.0,0.0,0,"[{'question': 'what does jamaican people speak?', 'ground_truth': 'Jamaican English', 'prediction': 'Jamaican people primarily speak English, but many also speak Jamaican Patois, a creole language.', 'correct': False}, {'question': 'what did james k polk do before he was president?', 'ground_truth': 'United States Representative', 'prediction': 'Before becoming president, James K. Polk served as the 10th Governor of Tennessee from 1839 to 1841.', 'correct': False}, {'question': 'who plays ken barlow in coronation street?', 'ground_truth': 'William Roache', 'prediction': ""Ken Barlow in Coronation Street is played by Kevin $__ Singleton. The name's first letter is intenti"", 'correct': False}, {'question': 'where is jamarcus russell from?', 'ground_truth': 'Mobile', 'prediction': 'Jamarcus Russell is from Oakley, California.', 'correct': False}, {'question': 'where was george washington carver from?', 'ground_truth': 'Diamond', 'prediction': 'George Washington Carver was from Missouri, born into slavery around 1864.', 'correct': False}, {'question': 'what else did ben franklin invent?', 'ground_truth': 'Lightning rod', 'prediction': 'Of course. While Benjamin Franklin is most famous for his experiments with electricity and the light', 'correct': True}, {'question': 'who was richard nixon married to?', 'ground_truth': 'Pat Nixon', 'prediction': 'Richard Nixon was married to Pat Nelson Nixon.', 'correct': False}, {'question': 'who is governor of ohio 2011?', 'ground_truth': 'John Kasich', 'prediction': 'In 2011, John Kasich was the Governor of Ohio.', 'correct': True}, {'question': 'who was vice president after kennedy died?', 'ground_truth': 'Lyndon B. Johnson', 'prediction': 'Lyndon B. Johnson was the Vice President of the United States and became President after John F. Ken', 'correct': True}, {'question': 'where is the fukushima daiichi nuclear plant located?', 'ground_truth': 'Japan', 'prediction': 'The Fukushima Daiichi nuclear power plant is located in Fukushima Prefecture, northeast of Japan, sp', 'correct': True}, {'question': 'what countries are part of the uk?', 'ground_truth': 'England', 'prediction': 'The UK comprises four countries: England, Scotland, Wales, and Northern Ireland.', 'correct': True}, {'question': 'what is my timezone in louisiana?', 'ground_truth': 'Central Time Zone', 'prediction': 'Louisiana mainly falls into two time zones: Central Time Zone (CT) and Eastern Time Zone (ET). The n', 'correct': True}, {'question': 'what did st augustine do?', 'ground_truth': 'Philosopher', 'prediction': 'Saint Augustine was a philosopher and theologian who made significant contributions to Western Chris', 'correct': True}, {'question': 'who is keyshia cole dad?', 'ground_truth': 'Francine Lons', 'prediction': 'Keyshia Cole\'s father is Floyd ""Jelly"" Cole.', 'correct': False}, {'question': 'what kind government does egypt have?', 'ground_truth': 'Semi-presidential system', 'prediction': 'Egypt has a semi-presidential republican system of government.', 'correct': False}]",WebQSP,A7
A7_Logistics,A7_Aggressive,0.26666666666666666,15,4,1798,0.00035959999999999996,0.9139652411142986,"{'tier1': {'mean': 1.4861424763997396e-05, 'total': 0.00022292137145996094, 'count': 15, 'min': 2.1457672119140625e-06, 'max': 3.266334533691406e-05}, 'candidate_gen': {'mean': 0.94525032384055, 'total': 13.2335045337677, 'count': 14, 'min': 0.5167438983917236, 'max': 1.9668500423431396}, 'tier2': {'mean': 0.03397110530308315, 'total': 0.47559547424316406, 'count': 14, 'min': 0.010918140411376953, 'max': 0.057276010513305664}, 'total': {'mean': 0.9139652411142986, 'total': 13.709478616714478, 'count': 15, 'min': 1.5020370483398438e-05, 'max': 2.0015926361083984}}","{'tier1_hit': 0.06666666666666667, 'fast_pass': 0.9333333333333333}","{'tier1': 15, 'tier2': 14, 'tier3': 0}","{'tier1': 0, 'tier2': 0, 'tier3': 0, 'candidate_gen': 0}",0.0,0.0,0.06666666666666667,0,"[{'question': 'What is the risk classification for a shipment with weather severity 0.46, traffic congestion 5.52, ', 'ground_truth': 'Moderate Risk', 'prediction': 'Based on the given metrics, the risk classification for the shipment appears to be moderate. Weather', 'correct': False}, {'question': 'What is the risk classification for a shipment with weather severity 0.01, traffic congestion 7.99, ', 'ground_truth': 'Moderate Risk', 'prediction': 'Based on the provided factors, the shipment has a low weather risk, high traffic congestion risk, an', 'correct': False}, {'question': 'What is the risk classification for a shipment with weather severity 0.88, traffic congestion 2.86, ', 'ground_truth': 'High Risk', 'prediction': 'Based on the given metrics, the shipment would likely be classified as high risk due to the low supp', 'correct': True}, {'question': 'What is the risk classification for a shipment with weather severity 0.46, traffic congestion 9.99, ', 'ground_truth': 'Moderate Risk', 'prediction': 'Based on the given factors, the risk classification for the shipment appears to be moderate. Weather', 'correct': False}, {'question': 'What is the risk classification for a shipment with weather severity 0.92, traffic congestion 0.55, ', 'ground_truth': 'Moderate Risk', 'prediction': 'High Risk', 'correct': False}, {'question': 'What is the risk classification for a shipment with weather severity 0.77, traffic congestion 3.58, ', 'ground_truth': 'High Risk', 'prediction': 'Based on the given factors, the shipment risk classification appears to be moderate. Weather severit', 'correct': False}, {'question': 'What is the risk classification for a shipment with weather severity 0.29, traffic congestion 9.43, ', 'ground_truth': 'High Risk', 'prediction': 'Based on the given metrics, the shipment risk classification would likely be moderate. Weather sever', 'correct': False}, {'question': 'What is the risk classification for a shipment with weather severity 0.89, traffic congestion 8.39, ', 'ground_truth': 'High Risk', 'prediction': 'Based on the given factors, the shipment appears to have a relatively high risk. Weather severity an', 'correct': True}, {'question': 'What is the risk classification for a shipment with weather severity 0.60, traffic congestion 6.35, ', 'ground_truth': 'High Risk', 'prediction': 'Based on the provided metrics, the risk classification for the shipment appears to be moderate. Weat', 'correct': False}, {'question': 'What is the risk classification for a shipment with weather severity 0.27, traffic congestion 0.21, ', 'ground_truth': 'High Risk', 'prediction': 'Based on the given factors, the risk classification for the shipment appears to be relatively low, a', 'correct': False}, {'question': 'What is the risk classification for a shipment with weather severity 0.33, traffic congestion 8.33, ', 'ground_truth': 'High Risk', 'prediction': 'Based on the provided scores, the risk classification for the shipment would likely be high due to t', 'correct': False}, {'question': 'What is the risk classification for a shipment with weather severity 0.07, traffic congestion 4.74, ', 'ground_truth': 'High Risk', 'prediction': 'Based on the provided scores, the shipment has low weather severity (0.07), moderate traffic congest', 'correct': False}, {'question': 'What is the risk classification for a shipment with weather severity 0.14, traffic congestion 2.62, ', 'ground_truth': 'High Risk', 'prediction': 'Based on the given values, the shipment has low weather severity (0.14), moderate traffic congestion', 'correct': False}, {'question': 'What is the risk classification for a shipment with weather severity 0.14, traffic congestion 7.52, ', 'ground_truth': 'Moderate Risk', 'prediction': 'Based on the given parameters, the risk classification for the shipment appears to be moderate. Weat', 'correct': True}, {'question': 'What is the risk classification for a shipment with weather severity 0.76, traffic congestion 3.25, ', 'ground_truth': 'High Risk', 'prediction': 'Based on the given metrics, the shipment risk classification can be assessed as follows:\n\n- Weather ', 'correct': True}]",Logistics,A7
